-- phpMyAdmin SQL Dump
-- version 5.2.1
-- https://www.phpmyadmin.net/
--
-- Hôte : 127.0.0.1
-- Généré le : ven. 11 avr. 2025 à 22:32
-- Version du serveur : 10.4.32-MariaDB
-- Version de PHP : 8.2.12

SET SQL_MODE = "NO_AUTO_VALUE_ON_ZERO";
START TRANSACTION;
SET time_zone = "+00:00";


/*!40101 SET @OLD_CHARACTER_SET_CLIENT=@@CHARACTER_SET_CLIENT */;
/*!40101 SET @OLD_CHARACTER_SET_RESULTS=@@CHARACTER_SET_RESULTS */;
/*!40101 SET @OLD_COLLATION_CONNECTION=@@COLLATION_CONNECTION */;
/*!40101 SET NAMES utf8mb4 */;

--
-- Base de données : `test1`
--

-- --------------------------------------------------------

--
-- Structure de la table `categorie`
--

CREATE TABLE `categorie` (
  `id` int(11) NOT NULL,
  `nom` varchar(255) NOT NULL,
  `description` longtext DEFAULT NULL
) ENGINE=InnoDB DEFAULT CHARSET=utf8mb4 COLLATE=utf8mb4_unicode_ci;

-- --------------------------------------------------------

--
-- Structure de la table `categorieevenement`
--

CREATE TABLE `categorieevenement` (
  `id` int(11) NOT NULL,
  `nom` varchar(255) NOT NULL
) ENGINE=InnoDB DEFAULT CHARSET=utf8mb4 COLLATE=utf8mb4_unicode_ci;

--
-- Déchargement des données de la table `categorieevenement`
--

INSERT INTO `categorieevenement` (`id`, `nom`) VALUES
(1, 'eya');

-- --------------------------------------------------------

--
-- Structure de la table `centre_de_don`
--

CREATE TABLE `centre_de_don` (
  `id` int(11) NOT NULL,
  `name` varchar(255) NOT NULL,
  `address` varchar(255) NOT NULL,
  `telephone` varchar(255) NOT NULL,
  `email` varchar(255) DEFAULT NULL,
  `created_at` datetime DEFAULT NULL COMMENT '(DC2Type:datetime_immutable)',
  `latitude` double DEFAULT NULL,
  `longitude` double DEFAULT NULL
) ENGINE=InnoDB DEFAULT CHARSET=utf8mb4 COLLATE=utf8mb4_unicode_ci;

--
-- Déchargement des données de la table `centre_de_don`
--

INSERT INTO `centre_de_don` (`id`, `name`, `address`, `telephone`, `email`, `created_at`, `latitude`, `longitude`) VALUES
(1, 'Centre de don de Ariana', 'ariana tunis', '12423435345', 'Ariana@gmail.com', '2025-02-16 23:07:00', 36.8607, 10.1933),
(2, 'Centre de Don de Nabeul', 'Nabeul', '+21695069942', 'nabeul@gmail.com', '2025-02-25 13:04:00', 36.45, 10.738),
(3, 'Centre de Don de Tunis', 'Tunis', '+21692986168', 'Tunis@gmail.com', '2025-02-25 13:21:00', 36.8, 10.18),
(4, 'Centre de Don de Sfax', 'Sfax', '+21694334324', 'sfax@gmail.com', '2025-02-27 19:57:00', 34.74, 10.76),
(5, 'Centre de Don de Kef', 'kef', '+21623443567', 'kef@gmail.com', '2025-02-21 19:58:00', 36.17, 8.715),
(6, 'Centre de Don de Bizerte', 'Bizerte', '+21695069453', 'bizerte@gmail.com', '2025-02-28 19:59:00', 37.2742, 9.8737);

-- --------------------------------------------------------

--
-- Structure de la table `demande_don_sang`
--

CREATE TABLE `demande_don_sang` (
  `id` int(11) NOT NULL,
  `user_id` int(11) DEFAULT NULL,
  `centre_de_don_id` int(11) DEFAULT NULL,
  `groupesanguain` varchar(255) NOT NULL,
  `quantite` double DEFAULT NULL,
  `status` varchar(255) NOT NULL,
  `created_at` datetime DEFAULT NULL
) ENGINE=InnoDB DEFAULT CHARSET=utf8mb4 COLLATE=utf8mb4_unicode_ci;

--
-- Déchargement des données de la table `demande_don_sang`
--

INSERT INTO `demande_don_sang` (`id`, `user_id`, `centre_de_don_id`, `groupesanguain`, `quantite`, `status`, `created_at`) VALUES
(16, 1, 3, 'A-', 0.5, 'pending', '2024-12-18 18:36:04'),
(17, 1, 2, 'B+', 0.5, 'pending', '2025-02-25 20:24:00'),
(18, 1, 2, 'AB+', 0.5, 'refused', '2024-12-11 20:25:00'),
(19, 1, 1, 'O+', 0.5, 'pending', '2025-01-30 18:54:00'),
(20, 1, 2, 'B+', 0.5, 'pending', '2025-01-22 18:54:00'),
(21, 1, 3, 'A+', 0.5, 'pending', '2025-02-25 18:54:00'),
(22, 1, 1, 'O+', 0.5, 'pending', '2025-02-25 20:31:00'),
(23, 1, 1, 'A+', 0.2, 'pending', '2025-02-27 18:11:13'),
(24, 2, 2, 'A-', 0.4, 'refused', '2025-02-17 18:11:13'),
(25, 3, 3, 'B+', 0.6, 'accepted', '2025-02-07 18:11:13'),
(26, 1, 1, 'B-', 0.8, 'pending', '2025-01-28 18:11:13'),
(27, 2, 2, 'AB+', 1, 'refused', '2025-01-18 18:11:13'),
(28, 3, 3, 'AB-', 1.2, 'accepted', '2025-01-08 18:11:13'),
(29, 1, 1, 'O+', 1.4, 'pending', '2024-12-29 18:11:13'),
(30, 2, 2, 'O-', 1.6, 'refused', '2024-12-19 18:11:13'),
(31, 3, 3, 'A+', 1.8, 'accepted', '2024-12-09 18:11:13'),
(32, 1, 1, 'A-', 2, 'pending', '2024-11-29 18:11:13'),
(33, 2, 2, 'A-', 0.5, 'pending', '2025-02-27 19:21:00'),
(34, 4, 2, 'AB+', 0.5, 'pending', '2024-12-01 12:21:00'),
(35, 1, 1, 'A+', 0.2, 'pending', '2025-03-03 04:37:58'),
(36, 2, 2, 'A-', 0.4, 'refused', '2025-02-21 04:37:58'),
(37, 3, 3, 'B+', 0.6, 'accepted', '2025-02-11 04:37:58'),
(38, 4, 4, 'B-', 0.8, 'pending', '2025-02-01 04:37:58'),
(39, 1, 5, 'AB+', 1, 'refused', '2025-01-22 04:37:58'),
(40, 2, 6, 'AB-', 1.2, 'accepted', '2025-01-12 04:37:58'),
(41, 3, 1, 'O+', 1.4, 'pending', '2025-01-02 04:37:58'),
(42, 4, 2, 'O-', 1.6, 'refused', '2024-12-23 04:37:58'),
(43, 1, 3, 'A+', 1.8, 'accepted', '2024-12-13 04:37:58'),
(44, 2, 4, 'A-', 2, 'pending', '2024-12-03 04:37:58'),
(45, 1, 2, 'A+', 0.5, 'pending', '2025-03-03 10:16:00'),
(46, 1, 1, 'A+', 0.2, 'pending', '2025-03-03 10:21:14'),
(47, 2, 2, 'A-', 0.4, 'refused', '2025-02-21 10:21:14'),
(48, 3, 3, 'B+', 0.6, 'accepted', '2025-02-11 10:21:14'),
(49, 4, 4, 'B-', 0.8, 'pending', '2025-02-01 10:21:14'),
(50, 1, 5, 'AB+', 1, 'refused', '2025-01-22 10:21:14'),
(51, 2, 6, 'AB-', 1.2, 'accepted', '2025-01-12 10:21:14'),
(52, 3, 1, 'O+', 1.4, 'pending', '2025-01-02 10:21:14'),
(53, 4, 2, 'O-', 1.6, 'refused', '2024-12-23 10:21:14'),
(54, 1, 3, 'A+', 1.8, 'accepted', '2024-12-13 10:21:14'),
(55, 2, 4, 'A-', 2, 'pending', '2024-12-03 10:21:14'),
(56, 1, 1, 'A+', 0.2, 'pending', '2025-03-03 10:32:42'),
(57, 2, 2, 'A-', 0.4, 'refused', '2025-02-21 10:32:42'),
(58, 3, 3, 'B+', 0.6, 'accepted', '2025-02-11 10:32:42'),
(59, 4, 4, 'B-', 0.8, 'pending', '2025-02-01 10:32:42'),
(60, 1, 5, 'AB+', 1, 'refused', '2025-01-22 10:32:42'),
(61, 2, 6, 'AB-', 1.2, 'accepted', '2025-01-12 10:32:42'),
(62, 3, 1, 'O+', 1.4, 'pending', '2025-01-02 10:32:42'),
(63, 4, 2, 'O-', 1.6, 'refused', '2024-12-23 10:32:42'),
(64, 1, 3, 'A+', 1.8, 'accepted', '2024-12-13 10:32:42'),
(65, 2, 4, 'A-', 2, 'pending', '2024-12-03 10:32:42'),
(66, 1, 1, 'A+', 0.2, 'pending', '2025-03-03 10:40:34'),
(67, 2, 2, 'A-', 0.4, 'refused', '2025-02-21 10:40:34'),
(68, 3, 3, 'B+', 0.6, 'accepted', '2025-02-11 10:40:34'),
(69, 4, 4, 'B-', 0.8, 'pending', '2025-02-01 10:40:34'),
(70, 1, 5, 'AB+', 1, 'refused', '2025-01-22 10:40:34'),
(71, 2, 6, 'AB-', 1.2, 'accepted', '2025-01-12 10:40:34'),
(72, 3, 1, 'O+', 1.4, 'pending', '2025-01-02 10:40:34'),
(73, 4, 2, 'O-', 1.6, 'refused', '2024-12-23 10:40:34'),
(74, 1, 3, 'A+', 1.8, 'accepted', '2024-12-13 10:40:34'),
(75, 2, 4, 'A-', 2, 'pending', '2024-12-03 10:40:34');

-- --------------------------------------------------------

--
-- Structure de la table `doctrine_migration_versions`
--

CREATE TABLE `doctrine_migration_versions` (
  `version` varchar(191) NOT NULL,
  `executed_at` datetime DEFAULT NULL,
  `execution_time` int(11) DEFAULT NULL
) ENGINE=InnoDB DEFAULT CHARSET=utf8 COLLATE=utf8_unicode_ci;

--
-- Déchargement des données de la table `doctrine_migration_versions`
--

INSERT INTO `doctrine_migration_versions` (`version`, `executed_at`, `execution_time`) VALUES
('DoctrineMigrations\\Version20250216161535', '2025-02-16 17:15:56', 276),
('DoctrineMigrations\\Version20250225172645', '2025-02-25 18:30:11', 10);

-- --------------------------------------------------------

--
-- Structure de la table `evenements`
--

CREATE TABLE `evenements` (
  `id` int(11) NOT NULL,
  `categorie_id` int(11) NOT NULL,
  `nom` varchar(255) NOT NULL,
  `description` varchar(255) NOT NULL,
  `datedebut` date NOT NULL,
  `datefin` date NOT NULL,
  `lieu` varchar(255) NOT NULL,
  `image` varchar(255) DEFAULT NULL
) ENGINE=InnoDB DEFAULT CHARSET=utf8mb4 COLLATE=utf8mb4_unicode_ci;

--
-- Déchargement des données de la table `evenements`
--

INSERT INTO `evenements` (`id`, `categorie_id`, `nom`, `description`, `datedebut`, `datefin`, `lieu`, `image`) VALUES
(1, 1, 'eya', 'eya', '2025-02-22', '2025-02-26', 'nabeul', NULL);

-- --------------------------------------------------------

--
-- Structure de la table `exercice_mental`
--

CREATE TABLE `exercice_mental` (
  `id` int(11) NOT NULL,
  `therapie_id` int(11) DEFAULT NULL,
  `video_url` varchar(255) NOT NULL,
  `titre` varchar(255) NOT NULL,
  `description` varchar(255) NOT NULL,
  `duree_minutes` int(11) NOT NULL,
  `objectif` varchar(255) NOT NULL
) ENGINE=InnoDB DEFAULT CHARSET=utf8mb4 COLLATE=utf8mb4_unicode_ci;

-- --------------------------------------------------------

--
-- Structure de la table `messenger_messages`
--

CREATE TABLE `messenger_messages` (
  `id` bigint(20) NOT NULL,
  `body` longtext NOT NULL,
  `headers` longtext NOT NULL,
  `queue_name` varchar(190) NOT NULL,
  `created_at` datetime NOT NULL COMMENT '(DC2Type:datetime_immutable)',
  `available_at` datetime NOT NULL COMMENT '(DC2Type:datetime_immutable)',
  `delivered_at` datetime DEFAULT NULL COMMENT '(DC2Type:datetime_immutable)'
) ENGINE=InnoDB DEFAULT CHARSET=utf8mb4 COLLATE=utf8mb4_unicode_ci;

--
-- Déchargement des données de la table `messenger_messages`
--

INSERT INTO `messenger_messages` (`id`, `body`, `headers`, `queue_name`, `created_at`, `available_at`, `delivered_at`) VALUES
(1, 'O:36:\\\"Symfony\\\\Component\\\\Messenger\\\\Envelope\\\":2:{s:44:\\\"\\0Symfony\\\\Component\\\\Messenger\\\\Envelope\\0stamps\\\";a:1:{s:46:\\\"Symfony\\\\Component\\\\Messenger\\\\Stamp\\\\BusNameStamp\\\";a:1:{i:0;O:46:\\\"Symfony\\\\Component\\\\Messenger\\\\Stamp\\\\BusNameStamp\\\":1:{s:55:\\\"\\0Symfony\\\\Component\\\\Messenger\\\\Stamp\\\\BusNameStamp\\0busName\\\";s:21:\\\"messenger.bus.default\\\";}}}s:45:\\\"\\0Symfony\\\\Component\\\\Messenger\\\\Envelope\\0message\\\";O:51:\\\"Symfony\\\\Component\\\\Mailer\\\\Messenger\\\\SendEmailMessage\\\":2:{s:60:\\\"\\0Symfony\\\\Component\\\\Mailer\\\\Messenger\\\\SendEmailMessage\\0message\\\";O:28:\\\"Symfony\\\\Component\\\\Mime\\\\Email\\\":6:{i:0;s:28:\\\"Sending emails is fun again!\\\";i:1;s:5:\\\"utf-8\\\";i:2;s:56:\\\"<p>See Twig integration for better HTML integration!</p>\\\";i:3;s:5:\\\"utf-8\\\";i:4;a:0:{}i:5;a:2:{i:0;O:37:\\\"Symfony\\\\Component\\\\Mime\\\\Header\\\\Headers\\\":2:{s:46:\\\"\\0Symfony\\\\Component\\\\Mime\\\\Header\\\\Headers\\0headers\\\";a:3:{s:4:\\\"from\\\";a:1:{i:0;O:47:\\\"Symfony\\\\Component\\\\Mime\\\\Header\\\\MailboxListHeader\\\":5:{s:50:\\\"\\0Symfony\\\\Component\\\\Mime\\\\Header\\\\AbstractHeader\\0name\\\";s:4:\\\"From\\\";s:56:\\\"\\0Symfony\\\\Component\\\\Mime\\\\Header\\\\AbstractHeader\\0lineLength\\\";i:76;s:50:\\\"\\0Symfony\\\\Component\\\\Mime\\\\Header\\\\AbstractHeader\\0lang\\\";N;s:53:\\\"\\0Symfony\\\\Component\\\\Mime\\\\Header\\\\AbstractHeader\\0charset\\\";s:5:\\\"utf-8\\\";s:58:\\\"\\0Symfony\\\\Component\\\\Mime\\\\Header\\\\MailboxListHeader\\0addresses\\\";a:1:{i:0;O:30:\\\"Symfony\\\\Component\\\\Mime\\\\Address\\\":2:{s:39:\\\"\\0Symfony\\\\Component\\\\Mime\\\\Address\\0address\\\";s:17:\\\"hello@example.com\\\";s:36:\\\"\\0Symfony\\\\Component\\\\Mime\\\\Address\\0name\\\";s:0:\\\"\\\";}}}}s:2:\\\"to\\\";a:1:{i:0;O:47:\\\"Symfony\\\\Component\\\\Mime\\\\Header\\\\MailboxListHeader\\\":5:{s:50:\\\"\\0Symfony\\\\Component\\\\Mime\\\\Header\\\\AbstractHeader\\0name\\\";s:2:\\\"To\\\";s:56:\\\"\\0Symfony\\\\Component\\\\Mime\\\\Header\\\\AbstractHeader\\0lineLength\\\";i:76;s:50:\\\"\\0Symfony\\\\Component\\\\Mime\\\\Header\\\\AbstractHeader\\0lang\\\";N;s:53:\\\"\\0Symfony\\\\Component\\\\Mime\\\\Header\\\\AbstractHeader\\0charset\\\";s:5:\\\"utf-8\\\";s:58:\\\"\\0Symfony\\\\Component\\\\Mime\\\\Header\\\\MailboxListHeader\\0addresses\\\";a:1:{i:0;O:30:\\\"Symfony\\\\Component\\\\Mime\\\\Address\\\":2:{s:39:\\\"\\0Symfony\\\\Component\\\\Mime\\\\Address\\0address\\\";s:15:\\\"you@example.com\\\";s:36:\\\"\\0Symfony\\\\Component\\\\Mime\\\\Address\\0name\\\";s:0:\\\"\\\";}}}}s:7:\\\"subject\\\";a:1:{i:0;O:48:\\\"Symfony\\\\Component\\\\Mime\\\\Header\\\\UnstructuredHeader\\\":5:{s:50:\\\"\\0Symfony\\\\Component\\\\Mime\\\\Header\\\\AbstractHeader\\0name\\\";s:7:\\\"Subject\\\";s:56:\\\"\\0Symfony\\\\Component\\\\Mime\\\\Header\\\\AbstractHeader\\0lineLength\\\";i:76;s:50:\\\"\\0Symfony\\\\Component\\\\Mime\\\\Header\\\\AbstractHeader\\0lang\\\";N;s:53:\\\"\\0Symfony\\\\Component\\\\Mime\\\\Header\\\\AbstractHeader\\0charset\\\";s:5:\\\"utf-8\\\";s:55:\\\"\\0Symfony\\\\Component\\\\Mime\\\\Header\\\\UnstructuredHeader\\0value\\\";s:24:\\\"Time for Symfony Mailer!\\\";}}}s:49:\\\"\\0Symfony\\\\Component\\\\Mime\\\\Header\\\\Headers\\0lineLength\\\";i:76;}i:1;N;}}s:61:\\\"\\0Symfony\\\\Component\\\\Mailer\\\\Messenger\\\\SendEmailMessage\\0envelope\\\";N;}}', '[]', 'default', '2025-02-25 14:13:01', '2025-02-25 14:13:01', NULL),
(2, 'O:36:\\\"Symfony\\\\Component\\\\Messenger\\\\Envelope\\\":2:{s:44:\\\"\\0Symfony\\\\Component\\\\Messenger\\\\Envelope\\0stamps\\\";a:1:{s:46:\\\"Symfony\\\\Component\\\\Messenger\\\\Stamp\\\\BusNameStamp\\\";a:1:{i:0;O:46:\\\"Symfony\\\\Component\\\\Messenger\\\\Stamp\\\\BusNameStamp\\\":1:{s:55:\\\"\\0Symfony\\\\Component\\\\Messenger\\\\Stamp\\\\BusNameStamp\\0busName\\\";s:21:\\\"messenger.bus.default\\\";}}}s:45:\\\"\\0Symfony\\\\Component\\\\Messenger\\\\Envelope\\0message\\\";O:51:\\\"Symfony\\\\Component\\\\Mailer\\\\Messenger\\\\SendEmailMessage\\\":2:{s:60:\\\"\\0Symfony\\\\Component\\\\Mailer\\\\Messenger\\\\SendEmailMessage\\0message\\\";O:28:\\\"Symfony\\\\Component\\\\Mime\\\\Email\\\":6:{i:0;s:28:\\\"Sending emails is fun again!\\\";i:1;s:5:\\\"utf-8\\\";i:2;s:56:\\\"<p>See Twig integration for better HTML integration!</p>\\\";i:3;s:5:\\\"utf-8\\\";i:4;a:0:{}i:5;a:2:{i:0;O:37:\\\"Symfony\\\\Component\\\\Mime\\\\Header\\\\Headers\\\":2:{s:46:\\\"\\0Symfony\\\\Component\\\\Mime\\\\Header\\\\Headers\\0headers\\\";a:3:{s:4:\\\"from\\\";a:1:{i:0;O:47:\\\"Symfony\\\\Component\\\\Mime\\\\Header\\\\MailboxListHeader\\\":5:{s:50:\\\"\\0Symfony\\\\Component\\\\Mime\\\\Header\\\\AbstractHeader\\0name\\\";s:4:\\\"From\\\";s:56:\\\"\\0Symfony\\\\Component\\\\Mime\\\\Header\\\\AbstractHeader\\0lineLength\\\";i:76;s:50:\\\"\\0Symfony\\\\Component\\\\Mime\\\\Header\\\\AbstractHeader\\0lang\\\";N;s:53:\\\"\\0Symfony\\\\Component\\\\Mime\\\\Header\\\\AbstractHeader\\0charset\\\";s:5:\\\"utf-8\\\";s:58:\\\"\\0Symfony\\\\Component\\\\Mime\\\\Header\\\\MailboxListHeader\\0addresses\\\";a:1:{i:0;O:30:\\\"Symfony\\\\Component\\\\Mime\\\\Address\\\":2:{s:39:\\\"\\0Symfony\\\\Component\\\\Mime\\\\Address\\0address\\\";s:23:\\\"yassinzemzem1@gmail.com\\\";s:36:\\\"\\0Symfony\\\\Component\\\\Mime\\\\Address\\0name\\\";s:0:\\\"\\\";}}}}s:2:\\\"to\\\";a:1:{i:0;O:47:\\\"Symfony\\\\Component\\\\Mime\\\\Header\\\\MailboxListHeader\\\":5:{s:50:\\\"\\0Symfony\\\\Component\\\\Mime\\\\Header\\\\AbstractHeader\\0name\\\";s:2:\\\"To\\\";s:56:\\\"\\0Symfony\\\\Component\\\\Mime\\\\Header\\\\AbstractHeader\\0lineLength\\\";i:76;s:50:\\\"\\0Symfony\\\\Component\\\\Mime\\\\Header\\\\AbstractHeader\\0lang\\\";N;s:53:\\\"\\0Symfony\\\\Component\\\\Mime\\\\Header\\\\AbstractHeader\\0charset\\\";s:5:\\\"utf-8\\\";s:58:\\\"\\0Symfony\\\\Component\\\\Mime\\\\Header\\\\MailboxListHeader\\0addresses\\\";a:1:{i:0;O:30:\\\"Symfony\\\\Component\\\\Mime\\\\Address\\\":2:{s:39:\\\"\\0Symfony\\\\Component\\\\Mime\\\\Address\\0address\\\";s:15:\\\"you@example.com\\\";s:36:\\\"\\0Symfony\\\\Component\\\\Mime\\\\Address\\0name\\\";s:0:\\\"\\\";}}}}s:7:\\\"subject\\\";a:1:{i:0;O:48:\\\"Symfony\\\\Component\\\\Mime\\\\Header\\\\UnstructuredHeader\\\":5:{s:50:\\\"\\0Symfony\\\\Component\\\\Mime\\\\Header\\\\AbstractHeader\\0name\\\";s:7:\\\"Subject\\\";s:56:\\\"\\0Symfony\\\\Component\\\\Mime\\\\Header\\\\AbstractHeader\\0lineLength\\\";i:76;s:50:\\\"\\0Symfony\\\\Component\\\\Mime\\\\Header\\\\AbstractHeader\\0lang\\\";N;s:53:\\\"\\0Symfony\\\\Component\\\\Mime\\\\Header\\\\AbstractHeader\\0charset\\\";s:5:\\\"utf-8\\\";s:55:\\\"\\0Symfony\\\\Component\\\\Mime\\\\Header\\\\UnstructuredHeader\\0value\\\";s:24:\\\"Time for Symfony Mailer!\\\";}}}s:49:\\\"\\0Symfony\\\\Component\\\\Mime\\\\Header\\\\Headers\\0lineLength\\\";i:76;}i:1;N;}}s:61:\\\"\\0Symfony\\\\Component\\\\Mailer\\\\Messenger\\\\SendEmailMessage\\0envelope\\\";N;}}', '[]', 'default', '2025-02-25 14:17:06', '2025-02-25 14:17:06', NULL),
(3, 'O:36:\\\"Symfony\\\\Component\\\\Messenger\\\\Envelope\\\":2:{s:44:\\\"\\0Symfony\\\\Component\\\\Messenger\\\\Envelope\\0stamps\\\";a:1:{s:46:\\\"Symfony\\\\Component\\\\Messenger\\\\Stamp\\\\BusNameStamp\\\";a:1:{i:0;O:46:\\\"Symfony\\\\Component\\\\Messenger\\\\Stamp\\\\BusNameStamp\\\":1:{s:55:\\\"\\0Symfony\\\\Component\\\\Messenger\\\\Stamp\\\\BusNameStamp\\0busName\\\";s:21:\\\"messenger.bus.default\\\";}}}s:45:\\\"\\0Symfony\\\\Component\\\\Messenger\\\\Envelope\\0message\\\";O:51:\\\"Symfony\\\\Component\\\\Mailer\\\\Messenger\\\\SendEmailMessage\\\":2:{s:60:\\\"\\0Symfony\\\\Component\\\\Mailer\\\\Messenger\\\\SendEmailMessage\\0message\\\";O:28:\\\"Symfony\\\\Component\\\\Mime\\\\Email\\\":6:{i:0;s:28:\\\"Sending emails is fun again!\\\";i:1;s:5:\\\"utf-8\\\";i:2;s:56:\\\"<p>See Twig integration for better HTML integration!</p>\\\";i:3;s:5:\\\"utf-8\\\";i:4;a:0:{}i:5;a:2:{i:0;O:37:\\\"Symfony\\\\Component\\\\Mime\\\\Header\\\\Headers\\\":2:{s:46:\\\"\\0Symfony\\\\Component\\\\Mime\\\\Header\\\\Headers\\0headers\\\";a:3:{s:4:\\\"from\\\";a:1:{i:0;O:47:\\\"Symfony\\\\Component\\\\Mime\\\\Header\\\\MailboxListHeader\\\":5:{s:50:\\\"\\0Symfony\\\\Component\\\\Mime\\\\Header\\\\AbstractHeader\\0name\\\";s:4:\\\"From\\\";s:56:\\\"\\0Symfony\\\\Component\\\\Mime\\\\Header\\\\AbstractHeader\\0lineLength\\\";i:76;s:50:\\\"\\0Symfony\\\\Component\\\\Mime\\\\Header\\\\AbstractHeader\\0lang\\\";N;s:53:\\\"\\0Symfony\\\\Component\\\\Mime\\\\Header\\\\AbstractHeader\\0charset\\\";s:5:\\\"utf-8\\\";s:58:\\\"\\0Symfony\\\\Component\\\\Mime\\\\Header\\\\MailboxListHeader\\0addresses\\\";a:1:{i:0;O:30:\\\"Symfony\\\\Component\\\\Mime\\\\Address\\\":2:{s:39:\\\"\\0Symfony\\\\Component\\\\Mime\\\\Address\\0address\\\";s:17:\\\"hello@example.com\\\";s:36:\\\"\\0Symfony\\\\Component\\\\Mime\\\\Address\\0name\\\";s:0:\\\"\\\";}}}}s:2:\\\"to\\\";a:1:{i:0;O:47:\\\"Symfony\\\\Component\\\\Mime\\\\Header\\\\MailboxListHeader\\\":5:{s:50:\\\"\\0Symfony\\\\Component\\\\Mime\\\\Header\\\\AbstractHeader\\0name\\\";s:2:\\\"To\\\";s:56:\\\"\\0Symfony\\\\Component\\\\Mime\\\\Header\\\\AbstractHeader\\0lineLength\\\";i:76;s:50:\\\"\\0Symfony\\\\Component\\\\Mime\\\\Header\\\\AbstractHeader\\0lang\\\";N;s:53:\\\"\\0Symfony\\\\Component\\\\Mime\\\\Header\\\\AbstractHeader\\0charset\\\";s:5:\\\"utf-8\\\";s:58:\\\"\\0Symfony\\\\Component\\\\Mime\\\\Header\\\\MailboxListHeader\\0addresses\\\";a:1:{i:0;O:30:\\\"Symfony\\\\Component\\\\Mime\\\\Address\\\":2:{s:39:\\\"\\0Symfony\\\\Component\\\\Mime\\\\Address\\0address\\\";s:15:\\\"you@example.com\\\";s:36:\\\"\\0Symfony\\\\Component\\\\Mime\\\\Address\\0name\\\";s:0:\\\"\\\";}}}}s:7:\\\"subject\\\";a:1:{i:0;O:48:\\\"Symfony\\\\Component\\\\Mime\\\\Header\\\\UnstructuredHeader\\\":5:{s:50:\\\"\\0Symfony\\\\Component\\\\Mime\\\\Header\\\\AbstractHeader\\0name\\\";s:7:\\\"Subject\\\";s:56:\\\"\\0Symfony\\\\Component\\\\Mime\\\\Header\\\\AbstractHeader\\0lineLength\\\";i:76;s:50:\\\"\\0Symfony\\\\Component\\\\Mime\\\\Header\\\\AbstractHeader\\0lang\\\";N;s:53:\\\"\\0Symfony\\\\Component\\\\Mime\\\\Header\\\\AbstractHeader\\0charset\\\";s:5:\\\"utf-8\\\";s:55:\\\"\\0Symfony\\\\Component\\\\Mime\\\\Header\\\\UnstructuredHeader\\0value\\\";s:24:\\\"Time for Symfony Mailer!\\\";}}}s:49:\\\"\\0Symfony\\\\Component\\\\Mime\\\\Header\\\\Headers\\0lineLength\\\";i:76;}i:1;N;}}s:61:\\\"\\0Symfony\\\\Component\\\\Mailer\\\\Messenger\\\\SendEmailMessage\\0envelope\\\";N;}}', '[]', 'default', '2025-02-25 14:21:22', '2025-02-25 14:21:22', NULL),
(4, 'O:36:\\\"Symfony\\\\Component\\\\Messenger\\\\Envelope\\\":2:{s:44:\\\"\\0Symfony\\\\Component\\\\Messenger\\\\Envelope\\0stamps\\\";a:1:{s:46:\\\"Symfony\\\\Component\\\\Messenger\\\\Stamp\\\\BusNameStamp\\\";a:1:{i:0;O:46:\\\"Symfony\\\\Component\\\\Messenger\\\\Stamp\\\\BusNameStamp\\\":1:{s:55:\\\"\\0Symfony\\\\Component\\\\Messenger\\\\Stamp\\\\BusNameStamp\\0busName\\\";s:21:\\\"messenger.bus.default\\\";}}}s:45:\\\"\\0Symfony\\\\Component\\\\Messenger\\\\Envelope\\0message\\\";O:51:\\\"Symfony\\\\Component\\\\Mailer\\\\Messenger\\\\SendEmailMessage\\\":2:{s:60:\\\"\\0Symfony\\\\Component\\\\Mailer\\\\Messenger\\\\SendEmailMessage\\0message\\\";O:28:\\\"Symfony\\\\Component\\\\Mime\\\\Email\\\":6:{i:0;s:28:\\\"Sending emails is fun again!\\\";i:1;s:5:\\\"utf-8\\\";i:2;s:56:\\\"<p>See Twig integration for better HTML integration!</p>\\\";i:3;s:5:\\\"utf-8\\\";i:4;a:0:{}i:5;a:2:{i:0;O:37:\\\"Symfony\\\\Component\\\\Mime\\\\Header\\\\Headers\\\":2:{s:46:\\\"\\0Symfony\\\\Component\\\\Mime\\\\Header\\\\Headers\\0headers\\\";a:3:{s:4:\\\"from\\\";a:1:{i:0;O:47:\\\"Symfony\\\\Component\\\\Mime\\\\Header\\\\MailboxListHeader\\\":5:{s:50:\\\"\\0Symfony\\\\Component\\\\Mime\\\\Header\\\\AbstractHeader\\0name\\\";s:4:\\\"From\\\";s:56:\\\"\\0Symfony\\\\Component\\\\Mime\\\\Header\\\\AbstractHeader\\0lineLength\\\";i:76;s:50:\\\"\\0Symfony\\\\Component\\\\Mime\\\\Header\\\\AbstractHeader\\0lang\\\";N;s:53:\\\"\\0Symfony\\\\Component\\\\Mime\\\\Header\\\\AbstractHeader\\0charset\\\";s:5:\\\"utf-8\\\";s:58:\\\"\\0Symfony\\\\Component\\\\Mime\\\\Header\\\\MailboxListHeader\\0addresses\\\";a:1:{i:0;O:30:\\\"Symfony\\\\Component\\\\Mime\\\\Address\\\":2:{s:39:\\\"\\0Symfony\\\\Component\\\\Mime\\\\Address\\0address\\\";s:17:\\\"hello@example.com\\\";s:36:\\\"\\0Symfony\\\\Component\\\\Mime\\\\Address\\0name\\\";s:0:\\\"\\\";}}}}s:2:\\\"to\\\";a:1:{i:0;O:47:\\\"Symfony\\\\Component\\\\Mime\\\\Header\\\\MailboxListHeader\\\":5:{s:50:\\\"\\0Symfony\\\\Component\\\\Mime\\\\Header\\\\AbstractHeader\\0name\\\";s:2:\\\"To\\\";s:56:\\\"\\0Symfony\\\\Component\\\\Mime\\\\Header\\\\AbstractHeader\\0lineLength\\\";i:76;s:50:\\\"\\0Symfony\\\\Component\\\\Mime\\\\Header\\\\AbstractHeader\\0lang\\\";N;s:53:\\\"\\0Symfony\\\\Component\\\\Mime\\\\Header\\\\AbstractHeader\\0charset\\\";s:5:\\\"utf-8\\\";s:58:\\\"\\0Symfony\\\\Component\\\\Mime\\\\Header\\\\MailboxListHeader\\0addresses\\\";a:1:{i:0;O:30:\\\"Symfony\\\\Component\\\\Mime\\\\Address\\\":2:{s:39:\\\"\\0Symfony\\\\Component\\\\Mime\\\\Address\\0address\\\";s:15:\\\"you@example.com\\\";s:36:\\\"\\0Symfony\\\\Component\\\\Mime\\\\Address\\0name\\\";s:0:\\\"\\\";}}}}s:7:\\\"subject\\\";a:1:{i:0;O:48:\\\"Symfony\\\\Component\\\\Mime\\\\Header\\\\UnstructuredHeader\\\":5:{s:50:\\\"\\0Symfony\\\\Component\\\\Mime\\\\Header\\\\AbstractHeader\\0name\\\";s:7:\\\"Subject\\\";s:56:\\\"\\0Symfony\\\\Component\\\\Mime\\\\Header\\\\AbstractHeader\\0lineLength\\\";i:76;s:50:\\\"\\0Symfony\\\\Component\\\\Mime\\\\Header\\\\AbstractHeader\\0lang\\\";N;s:53:\\\"\\0Symfony\\\\Component\\\\Mime\\\\Header\\\\AbstractHeader\\0charset\\\";s:5:\\\"utf-8\\\";s:55:\\\"\\0Symfony\\\\Component\\\\Mime\\\\Header\\\\UnstructuredHeader\\0value\\\";s:24:\\\"Time for Symfony Mailer!\\\";}}}s:49:\\\"\\0Symfony\\\\Component\\\\Mime\\\\Header\\\\Headers\\0lineLength\\\";i:76;}i:1;N;}}s:61:\\\"\\0Symfony\\\\Component\\\\Mailer\\\\Messenger\\\\SendEmailMessage\\0envelope\\\";N;}}', '[]', 'default', '2025-02-25 14:24:38', '2025-02-25 14:24:38', NULL),
(5, 'O:36:\\\"Symfony\\\\Component\\\\Messenger\\\\Envelope\\\":2:{s:44:\\\"\\0Symfony\\\\Component\\\\Messenger\\\\Envelope\\0stamps\\\";a:1:{s:46:\\\"Symfony\\\\Component\\\\Messenger\\\\Stamp\\\\BusNameStamp\\\";a:1:{i:0;O:46:\\\"Symfony\\\\Component\\\\Messenger\\\\Stamp\\\\BusNameStamp\\\":1:{s:55:\\\"\\0Symfony\\\\Component\\\\Messenger\\\\Stamp\\\\BusNameStamp\\0busName\\\";s:21:\\\"messenger.bus.default\\\";}}}s:45:\\\"\\0Symfony\\\\Component\\\\Messenger\\\\Envelope\\0message\\\";O:51:\\\"Symfony\\\\Component\\\\Mailer\\\\Messenger\\\\SendEmailMessage\\\":2:{s:60:\\\"\\0Symfony\\\\Component\\\\Mailer\\\\Messenger\\\\SendEmailMessage\\0message\\\";O:28:\\\"Symfony\\\\Component\\\\Mime\\\\Email\\\":6:{i:0;s:28:\\\"Sending emails is fun again!\\\";i:1;s:5:\\\"utf-8\\\";i:2;s:56:\\\"<p>See Twig integration for better HTML integration!</p>\\\";i:3;s:5:\\\"utf-8\\\";i:4;a:0:{}i:5;a:2:{i:0;O:37:\\\"Symfony\\\\Component\\\\Mime\\\\Header\\\\Headers\\\":2:{s:46:\\\"\\0Symfony\\\\Component\\\\Mime\\\\Header\\\\Headers\\0headers\\\";a:3:{s:4:\\\"from\\\";a:1:{i:0;O:47:\\\"Symfony\\\\Component\\\\Mime\\\\Header\\\\MailboxListHeader\\\":5:{s:50:\\\"\\0Symfony\\\\Component\\\\Mime\\\\Header\\\\AbstractHeader\\0name\\\";s:4:\\\"From\\\";s:56:\\\"\\0Symfony\\\\Component\\\\Mime\\\\Header\\\\AbstractHeader\\0lineLength\\\";i:76;s:50:\\\"\\0Symfony\\\\Component\\\\Mime\\\\Header\\\\AbstractHeader\\0lang\\\";N;s:53:\\\"\\0Symfony\\\\Component\\\\Mime\\\\Header\\\\AbstractHeader\\0charset\\\";s:5:\\\"utf-8\\\";s:58:\\\"\\0Symfony\\\\Component\\\\Mime\\\\Header\\\\MailboxListHeader\\0addresses\\\";a:1:{i:0;O:30:\\\"Symfony\\\\Component\\\\Mime\\\\Address\\\":2:{s:39:\\\"\\0Symfony\\\\Component\\\\Mime\\\\Address\\0address\\\";s:17:\\\"hello@example.com\\\";s:36:\\\"\\0Symfony\\\\Component\\\\Mime\\\\Address\\0name\\\";s:0:\\\"\\\";}}}}s:2:\\\"to\\\";a:1:{i:0;O:47:\\\"Symfony\\\\Component\\\\Mime\\\\Header\\\\MailboxListHeader\\\":5:{s:50:\\\"\\0Symfony\\\\Component\\\\Mime\\\\Header\\\\AbstractHeader\\0name\\\";s:2:\\\"To\\\";s:56:\\\"\\0Symfony\\\\Component\\\\Mime\\\\Header\\\\AbstractHeader\\0lineLength\\\";i:76;s:50:\\\"\\0Symfony\\\\Component\\\\Mime\\\\Header\\\\AbstractHeader\\0lang\\\";N;s:53:\\\"\\0Symfony\\\\Component\\\\Mime\\\\Header\\\\AbstractHeader\\0charset\\\";s:5:\\\"utf-8\\\";s:58:\\\"\\0Symfony\\\\Component\\\\Mime\\\\Header\\\\MailboxListHeader\\0addresses\\\";a:1:{i:0;O:30:\\\"Symfony\\\\Component\\\\Mime\\\\Address\\\":2:{s:39:\\\"\\0Symfony\\\\Component\\\\Mime\\\\Address\\0address\\\";s:15:\\\"you@example.com\\\";s:36:\\\"\\0Symfony\\\\Component\\\\Mime\\\\Address\\0name\\\";s:0:\\\"\\\";}}}}s:7:\\\"subject\\\";a:1:{i:0;O:48:\\\"Symfony\\\\Component\\\\Mime\\\\Header\\\\UnstructuredHeader\\\":5:{s:50:\\\"\\0Symfony\\\\Component\\\\Mime\\\\Header\\\\AbstractHeader\\0name\\\";s:7:\\\"Subject\\\";s:56:\\\"\\0Symfony\\\\Component\\\\Mime\\\\Header\\\\AbstractHeader\\0lineLength\\\";i:76;s:50:\\\"\\0Symfony\\\\Component\\\\Mime\\\\Header\\\\AbstractHeader\\0lang\\\";N;s:53:\\\"\\0Symfony\\\\Component\\\\Mime\\\\Header\\\\AbstractHeader\\0charset\\\";s:5:\\\"utf-8\\\";s:55:\\\"\\0Symfony\\\\Component\\\\Mime\\\\Header\\\\UnstructuredHeader\\0value\\\";s:24:\\\"Time for Symfony Mailer!\\\";}}}s:49:\\\"\\0Symfony\\\\Component\\\\Mime\\\\Header\\\\Headers\\0lineLength\\\";i:76;}i:1;N;}}s:61:\\\"\\0Symfony\\\\Component\\\\Mailer\\\\Messenger\\\\SendEmailMessage\\0envelope\\\";N;}}', '[]', 'default', '2025-02-25 14:27:44', '2025-02-25 14:27:44', NULL),
(6, 'O:36:\\\"Symfony\\\\Component\\\\Messenger\\\\Envelope\\\":2:{s:44:\\\"\\0Symfony\\\\Component\\\\Messenger\\\\Envelope\\0stamps\\\";a:1:{s:46:\\\"Symfony\\\\Component\\\\Messenger\\\\Stamp\\\\BusNameStamp\\\";a:1:{i:0;O:46:\\\"Symfony\\\\Component\\\\Messenger\\\\Stamp\\\\BusNameStamp\\\":1:{s:55:\\\"\\0Symfony\\\\Component\\\\Messenger\\\\Stamp\\\\BusNameStamp\\0busName\\\";s:21:\\\"messenger.bus.default\\\";}}}s:45:\\\"\\0Symfony\\\\Component\\\\Messenger\\\\Envelope\\0message\\\";O:51:\\\"Symfony\\\\Component\\\\Mailer\\\\Messenger\\\\SendEmailMessage\\\":2:{s:60:\\\"\\0Symfony\\\\Component\\\\Mailer\\\\Messenger\\\\SendEmailMessage\\0message\\\";O:28:\\\"Symfony\\\\Component\\\\Mime\\\\Email\\\":6:{i:0;s:28:\\\"Sending emails is fun again!\\\";i:1;s:5:\\\"utf-8\\\";i:2;s:56:\\\"<p>See Twig integration for better HTML integration!</p>\\\";i:3;s:5:\\\"utf-8\\\";i:4;a:0:{}i:5;a:2:{i:0;O:37:\\\"Symfony\\\\Component\\\\Mime\\\\Header\\\\Headers\\\":2:{s:46:\\\"\\0Symfony\\\\Component\\\\Mime\\\\Header\\\\Headers\\0headers\\\";a:3:{s:4:\\\"from\\\";a:1:{i:0;O:47:\\\"Symfony\\\\Component\\\\Mime\\\\Header\\\\MailboxListHeader\\\":5:{s:50:\\\"\\0Symfony\\\\Component\\\\Mime\\\\Header\\\\AbstractHeader\\0name\\\";s:4:\\\"From\\\";s:56:\\\"\\0Symfony\\\\Component\\\\Mime\\\\Header\\\\AbstractHeader\\0lineLength\\\";i:76;s:50:\\\"\\0Symfony\\\\Component\\\\Mime\\\\Header\\\\AbstractHeader\\0lang\\\";N;s:53:\\\"\\0Symfony\\\\Component\\\\Mime\\\\Header\\\\AbstractHeader\\0charset\\\";s:5:\\\"utf-8\\\";s:58:\\\"\\0Symfony\\\\Component\\\\Mime\\\\Header\\\\MailboxListHeader\\0addresses\\\";a:1:{i:0;O:30:\\\"Symfony\\\\Component\\\\Mime\\\\Address\\\":2:{s:39:\\\"\\0Symfony\\\\Component\\\\Mime\\\\Address\\0address\\\";s:17:\\\"hello@example.com\\\";s:36:\\\"\\0Symfony\\\\Component\\\\Mime\\\\Address\\0name\\\";s:0:\\\"\\\";}}}}s:2:\\\"to\\\";a:1:{i:0;O:47:\\\"Symfony\\\\Component\\\\Mime\\\\Header\\\\MailboxListHeader\\\":5:{s:50:\\\"\\0Symfony\\\\Component\\\\Mime\\\\Header\\\\AbstractHeader\\0name\\\";s:2:\\\"To\\\";s:56:\\\"\\0Symfony\\\\Component\\\\Mime\\\\Header\\\\AbstractHeader\\0lineLength\\\";i:76;s:50:\\\"\\0Symfony\\\\Component\\\\Mime\\\\Header\\\\AbstractHeader\\0lang\\\";N;s:53:\\\"\\0Symfony\\\\Component\\\\Mime\\\\Header\\\\AbstractHeader\\0charset\\\";s:5:\\\"utf-8\\\";s:58:\\\"\\0Symfony\\\\Component\\\\Mime\\\\Header\\\\MailboxListHeader\\0addresses\\\";a:1:{i:0;O:30:\\\"Symfony\\\\Component\\\\Mime\\\\Address\\\":2:{s:39:\\\"\\0Symfony\\\\Component\\\\Mime\\\\Address\\0address\\\";s:15:\\\"you@example.com\\\";s:36:\\\"\\0Symfony\\\\Component\\\\Mime\\\\Address\\0name\\\";s:0:\\\"\\\";}}}}s:7:\\\"subject\\\";a:1:{i:0;O:48:\\\"Symfony\\\\Component\\\\Mime\\\\Header\\\\UnstructuredHeader\\\":5:{s:50:\\\"\\0Symfony\\\\Component\\\\Mime\\\\Header\\\\AbstractHeader\\0name\\\";s:7:\\\"Subject\\\";s:56:\\\"\\0Symfony\\\\Component\\\\Mime\\\\Header\\\\AbstractHeader\\0lineLength\\\";i:76;s:50:\\\"\\0Symfony\\\\Component\\\\Mime\\\\Header\\\\AbstractHeader\\0lang\\\";N;s:53:\\\"\\0Symfony\\\\Component\\\\Mime\\\\Header\\\\AbstractHeader\\0charset\\\";s:5:\\\"utf-8\\\";s:55:\\\"\\0Symfony\\\\Component\\\\Mime\\\\Header\\\\UnstructuredHeader\\0value\\\";s:24:\\\"Time for Symfony Mailer!\\\";}}}s:49:\\\"\\0Symfony\\\\Component\\\\Mime\\\\Header\\\\Headers\\0lineLength\\\";i:76;}i:1;N;}}s:61:\\\"\\0Symfony\\\\Component\\\\Mailer\\\\Messenger\\\\SendEmailMessage\\0envelope\\\";N;}}', '[]', 'default', '2025-02-25 14:28:49', '2025-02-25 14:28:49', NULL),
(7, 'O:36:\\\"Symfony\\\\Component\\\\Messenger\\\\Envelope\\\":2:{s:44:\\\"\\0Symfony\\\\Component\\\\Messenger\\\\Envelope\\0stamps\\\";a:1:{s:46:\\\"Symfony\\\\Component\\\\Messenger\\\\Stamp\\\\BusNameStamp\\\";a:1:{i:0;O:46:\\\"Symfony\\\\Component\\\\Messenger\\\\Stamp\\\\BusNameStamp\\\":1:{s:55:\\\"\\0Symfony\\\\Component\\\\Messenger\\\\Stamp\\\\BusNameStamp\\0busName\\\";s:21:\\\"messenger.bus.default\\\";}}}s:45:\\\"\\0Symfony\\\\Component\\\\Messenger\\\\Envelope\\0message\\\";O:51:\\\"Symfony\\\\Component\\\\Mailer\\\\Messenger\\\\SendEmailMessage\\\":2:{s:60:\\\"\\0Symfony\\\\Component\\\\Mailer\\\\Messenger\\\\SendEmailMessage\\0message\\\";O:28:\\\"Symfony\\\\Component\\\\Mime\\\\Email\\\":6:{i:0;s:28:\\\"Sending emails is fun again!\\\";i:1;s:5:\\\"utf-8\\\";i:2;s:56:\\\"<p>See Twig integration for better HTML integration!</p>\\\";i:3;s:5:\\\"utf-8\\\";i:4;a:0:{}i:5;a:2:{i:0;O:37:\\\"Symfony\\\\Component\\\\Mime\\\\Header\\\\Headers\\\":2:{s:46:\\\"\\0Symfony\\\\Component\\\\Mime\\\\Header\\\\Headers\\0headers\\\";a:3:{s:4:\\\"from\\\";a:1:{i:0;O:47:\\\"Symfony\\\\Component\\\\Mime\\\\Header\\\\MailboxListHeader\\\":5:{s:50:\\\"\\0Symfony\\\\Component\\\\Mime\\\\Header\\\\AbstractHeader\\0name\\\";s:4:\\\"From\\\";s:56:\\\"\\0Symfony\\\\Component\\\\Mime\\\\Header\\\\AbstractHeader\\0lineLength\\\";i:76;s:50:\\\"\\0Symfony\\\\Component\\\\Mime\\\\Header\\\\AbstractHeader\\0lang\\\";N;s:53:\\\"\\0Symfony\\\\Component\\\\Mime\\\\Header\\\\AbstractHeader\\0charset\\\";s:5:\\\"utf-8\\\";s:58:\\\"\\0Symfony\\\\Component\\\\Mime\\\\Header\\\\MailboxListHeader\\0addresses\\\";a:1:{i:0;O:30:\\\"Symfony\\\\Component\\\\Mime\\\\Address\\\":2:{s:39:\\\"\\0Symfony\\\\Component\\\\Mime\\\\Address\\0address\\\";s:17:\\\"hello@example.com\\\";s:36:\\\"\\0Symfony\\\\Component\\\\Mime\\\\Address\\0name\\\";s:0:\\\"\\\";}}}}s:2:\\\"to\\\";a:1:{i:0;O:47:\\\"Symfony\\\\Component\\\\Mime\\\\Header\\\\MailboxListHeader\\\":5:{s:50:\\\"\\0Symfony\\\\Component\\\\Mime\\\\Header\\\\AbstractHeader\\0name\\\";s:2:\\\"To\\\";s:56:\\\"\\0Symfony\\\\Component\\\\Mime\\\\Header\\\\AbstractHeader\\0lineLength\\\";i:76;s:50:\\\"\\0Symfony\\\\Component\\\\Mime\\\\Header\\\\AbstractHeader\\0lang\\\";N;s:53:\\\"\\0Symfony\\\\Component\\\\Mime\\\\Header\\\\AbstractHeader\\0charset\\\";s:5:\\\"utf-8\\\";s:58:\\\"\\0Symfony\\\\Component\\\\Mime\\\\Header\\\\MailboxListHeader\\0addresses\\\";a:1:{i:0;O:30:\\\"Symfony\\\\Component\\\\Mime\\\\Address\\\":2:{s:39:\\\"\\0Symfony\\\\Component\\\\Mime\\\\Address\\0address\\\";s:15:\\\"you@example.com\\\";s:36:\\\"\\0Symfony\\\\Component\\\\Mime\\\\Address\\0name\\\";s:0:\\\"\\\";}}}}s:7:\\\"subject\\\";a:1:{i:0;O:48:\\\"Symfony\\\\Component\\\\Mime\\\\Header\\\\UnstructuredHeader\\\":5:{s:50:\\\"\\0Symfony\\\\Component\\\\Mime\\\\Header\\\\AbstractHeader\\0name\\\";s:7:\\\"Subject\\\";s:56:\\\"\\0Symfony\\\\Component\\\\Mime\\\\Header\\\\AbstractHeader\\0lineLength\\\";i:76;s:50:\\\"\\0Symfony\\\\Component\\\\Mime\\\\Header\\\\AbstractHeader\\0lang\\\";N;s:53:\\\"\\0Symfony\\\\Component\\\\Mime\\\\Header\\\\AbstractHeader\\0charset\\\";s:5:\\\"utf-8\\\";s:55:\\\"\\0Symfony\\\\Component\\\\Mime\\\\Header\\\\UnstructuredHeader\\0value\\\";s:24:\\\"Time for Symfony Mailer!\\\";}}}s:49:\\\"\\0Symfony\\\\Component\\\\Mime\\\\Header\\\\Headers\\0lineLength\\\";i:76;}i:1;N;}}s:61:\\\"\\0Symfony\\\\Component\\\\Mailer\\\\Messenger\\\\SendEmailMessage\\0envelope\\\";N;}}', '[]', 'default', '2025-02-25 14:35:27', '2025-02-25 14:35:27', NULL),
(8, 'O:36:\\\"Symfony\\\\Component\\\\Messenger\\\\Envelope\\\":2:{s:44:\\\"\\0Symfony\\\\Component\\\\Messenger\\\\Envelope\\0stamps\\\";a:1:{s:46:\\\"Symfony\\\\Component\\\\Messenger\\\\Stamp\\\\BusNameStamp\\\";a:1:{i:0;O:46:\\\"Symfony\\\\Component\\\\Messenger\\\\Stamp\\\\BusNameStamp\\\":1:{s:55:\\\"\\0Symfony\\\\Component\\\\Messenger\\\\Stamp\\\\BusNameStamp\\0busName\\\";s:21:\\\"messenger.bus.default\\\";}}}s:45:\\\"\\0Symfony\\\\Component\\\\Messenger\\\\Envelope\\0message\\\";O:51:\\\"Symfony\\\\Component\\\\Mailer\\\\Messenger\\\\SendEmailMessage\\\":2:{s:60:\\\"\\0Symfony\\\\Component\\\\Mailer\\\\Messenger\\\\SendEmailMessage\\0message\\\";O:28:\\\"Symfony\\\\Component\\\\Mime\\\\Email\\\":6:{i:0;s:28:\\\"Sending emails is fun again!\\\";i:1;s:5:\\\"utf-8\\\";i:2;s:56:\\\"<p>See Twig integration for better HTML integration!</p>\\\";i:3;s:5:\\\"utf-8\\\";i:4;a:0:{}i:5;a:2:{i:0;O:37:\\\"Symfony\\\\Component\\\\Mime\\\\Header\\\\Headers\\\":2:{s:46:\\\"\\0Symfony\\\\Component\\\\Mime\\\\Header\\\\Headers\\0headers\\\";a:3:{s:4:\\\"from\\\";a:1:{i:0;O:47:\\\"Symfony\\\\Component\\\\Mime\\\\Header\\\\MailboxListHeader\\\":5:{s:50:\\\"\\0Symfony\\\\Component\\\\Mime\\\\Header\\\\AbstractHeader\\0name\\\";s:4:\\\"From\\\";s:56:\\\"\\0Symfony\\\\Component\\\\Mime\\\\Header\\\\AbstractHeader\\0lineLength\\\";i:76;s:50:\\\"\\0Symfony\\\\Component\\\\Mime\\\\Header\\\\AbstractHeader\\0lang\\\";N;s:53:\\\"\\0Symfony\\\\Component\\\\Mime\\\\Header\\\\AbstractHeader\\0charset\\\";s:5:\\\"utf-8\\\";s:58:\\\"\\0Symfony\\\\Component\\\\Mime\\\\Header\\\\MailboxListHeader\\0addresses\\\";a:1:{i:0;O:30:\\\"Symfony\\\\Component\\\\Mime\\\\Address\\\":2:{s:39:\\\"\\0Symfony\\\\Component\\\\Mime\\\\Address\\0address\\\";s:17:\\\"hello@example.com\\\";s:36:\\\"\\0Symfony\\\\Component\\\\Mime\\\\Address\\0name\\\";s:0:\\\"\\\";}}}}s:2:\\\"to\\\";a:1:{i:0;O:47:\\\"Symfony\\\\Component\\\\Mime\\\\Header\\\\MailboxListHeader\\\":5:{s:50:\\\"\\0Symfony\\\\Component\\\\Mime\\\\Header\\\\AbstractHeader\\0name\\\";s:2:\\\"To\\\";s:56:\\\"\\0Symfony\\\\Component\\\\Mime\\\\Header\\\\AbstractHeader\\0lineLength\\\";i:76;s:50:\\\"\\0Symfony\\\\Component\\\\Mime\\\\Header\\\\AbstractHeader\\0lang\\\";N;s:53:\\\"\\0Symfony\\\\Component\\\\Mime\\\\Header\\\\AbstractHeader\\0charset\\\";s:5:\\\"utf-8\\\";s:58:\\\"\\0Symfony\\\\Component\\\\Mime\\\\Header\\\\MailboxListHeader\\0addresses\\\";a:1:{i:0;O:30:\\\"Symfony\\\\Component\\\\Mime\\\\Address\\\":2:{s:39:\\\"\\0Symfony\\\\Component\\\\Mime\\\\Address\\0address\\\";s:15:\\\"you@example.com\\\";s:36:\\\"\\0Symfony\\\\Component\\\\Mime\\\\Address\\0name\\\";s:0:\\\"\\\";}}}}s:7:\\\"subject\\\";a:1:{i:0;O:48:\\\"Symfony\\\\Component\\\\Mime\\\\Header\\\\UnstructuredHeader\\\":5:{s:50:\\\"\\0Symfony\\\\Component\\\\Mime\\\\Header\\\\AbstractHeader\\0name\\\";s:7:\\\"Subject\\\";s:56:\\\"\\0Symfony\\\\Component\\\\Mime\\\\Header\\\\AbstractHeader\\0lineLength\\\";i:76;s:50:\\\"\\0Symfony\\\\Component\\\\Mime\\\\Header\\\\AbstractHeader\\0lang\\\";N;s:53:\\\"\\0Symfony\\\\Component\\\\Mime\\\\Header\\\\AbstractHeader\\0charset\\\";s:5:\\\"utf-8\\\";s:55:\\\"\\0Symfony\\\\Component\\\\Mime\\\\Header\\\\UnstructuredHeader\\0value\\\";s:24:\\\"Time for Symfony Mailer!\\\";}}}s:49:\\\"\\0Symfony\\\\Component\\\\Mime\\\\Header\\\\Headers\\0lineLength\\\";i:76;}i:1;N;}}s:61:\\\"\\0Symfony\\\\Component\\\\Mailer\\\\Messenger\\\\SendEmailMessage\\0envelope\\\";N;}}', '[]', 'default', '2025-02-25 14:38:37', '2025-02-25 14:38:37', NULL),
(9, 'O:36:\\\"Symfony\\\\Component\\\\Messenger\\\\Envelope\\\":2:{s:44:\\\"\\0Symfony\\\\Component\\\\Messenger\\\\Envelope\\0stamps\\\";a:1:{s:46:\\\"Symfony\\\\Component\\\\Messenger\\\\Stamp\\\\BusNameStamp\\\";a:1:{i:0;O:46:\\\"Symfony\\\\Component\\\\Messenger\\\\Stamp\\\\BusNameStamp\\\":1:{s:55:\\\"\\0Symfony\\\\Component\\\\Messenger\\\\Stamp\\\\BusNameStamp\\0busName\\\";s:21:\\\"messenger.bus.default\\\";}}}s:45:\\\"\\0Symfony\\\\Component\\\\Messenger\\\\Envelope\\0message\\\";O:51:\\\"Symfony\\\\Component\\\\Mailer\\\\Messenger\\\\SendEmailMessage\\\":2:{s:60:\\\"\\0Symfony\\\\Component\\\\Mailer\\\\Messenger\\\\SendEmailMessage\\0message\\\";O:28:\\\"Symfony\\\\Component\\\\Mime\\\\Email\\\":6:{i:0;s:28:\\\"Sending emails is fun again!\\\";i:1;s:5:\\\"utf-8\\\";i:2;s:56:\\\"<p>See Twig integration for better HTML integration!</p>\\\";i:3;s:5:\\\"utf-8\\\";i:4;a:0:{}i:5;a:2:{i:0;O:37:\\\"Symfony\\\\Component\\\\Mime\\\\Header\\\\Headers\\\":2:{s:46:\\\"\\0Symfony\\\\Component\\\\Mime\\\\Header\\\\Headers\\0headers\\\";a:3:{s:4:\\\"from\\\";a:1:{i:0;O:47:\\\"Symfony\\\\Component\\\\Mime\\\\Header\\\\MailboxListHeader\\\":5:{s:50:\\\"\\0Symfony\\\\Component\\\\Mime\\\\Header\\\\AbstractHeader\\0name\\\";s:4:\\\"From\\\";s:56:\\\"\\0Symfony\\\\Component\\\\Mime\\\\Header\\\\AbstractHeader\\0lineLength\\\";i:76;s:50:\\\"\\0Symfony\\\\Component\\\\Mime\\\\Header\\\\AbstractHeader\\0lang\\\";N;s:53:\\\"\\0Symfony\\\\Component\\\\Mime\\\\Header\\\\AbstractHeader\\0charset\\\";s:5:\\\"utf-8\\\";s:58:\\\"\\0Symfony\\\\Component\\\\Mime\\\\Header\\\\MailboxListHeader\\0addresses\\\";a:1:{i:0;O:30:\\\"Symfony\\\\Component\\\\Mime\\\\Address\\\":2:{s:39:\\\"\\0Symfony\\\\Component\\\\Mime\\\\Address\\0address\\\";s:17:\\\"hello@example.com\\\";s:36:\\\"\\0Symfony\\\\Component\\\\Mime\\\\Address\\0name\\\";s:0:\\\"\\\";}}}}s:2:\\\"to\\\";a:1:{i:0;O:47:\\\"Symfony\\\\Component\\\\Mime\\\\Header\\\\MailboxListHeader\\\":5:{s:50:\\\"\\0Symfony\\\\Component\\\\Mime\\\\Header\\\\AbstractHeader\\0name\\\";s:2:\\\"To\\\";s:56:\\\"\\0Symfony\\\\Component\\\\Mime\\\\Header\\\\AbstractHeader\\0lineLength\\\";i:76;s:50:\\\"\\0Symfony\\\\Component\\\\Mime\\\\Header\\\\AbstractHeader\\0lang\\\";N;s:53:\\\"\\0Symfony\\\\Component\\\\Mime\\\\Header\\\\AbstractHeader\\0charset\\\";s:5:\\\"utf-8\\\";s:58:\\\"\\0Symfony\\\\Component\\\\Mime\\\\Header\\\\MailboxListHeader\\0addresses\\\";a:1:{i:0;O:30:\\\"Symfony\\\\Component\\\\Mime\\\\Address\\\":2:{s:39:\\\"\\0Symfony\\\\Component\\\\Mime\\\\Address\\0address\\\";s:15:\\\"you@example.com\\\";s:36:\\\"\\0Symfony\\\\Component\\\\Mime\\\\Address\\0name\\\";s:0:\\\"\\\";}}}}s:7:\\\"subject\\\";a:1:{i:0;O:48:\\\"Symfony\\\\Component\\\\Mime\\\\Header\\\\UnstructuredHeader\\\":5:{s:50:\\\"\\0Symfony\\\\Component\\\\Mime\\\\Header\\\\AbstractHeader\\0name\\\";s:7:\\\"Subject\\\";s:56:\\\"\\0Symfony\\\\Component\\\\Mime\\\\Header\\\\AbstractHeader\\0lineLength\\\";i:76;s:50:\\\"\\0Symfony\\\\Component\\\\Mime\\\\Header\\\\AbstractHeader\\0lang\\\";N;s:53:\\\"\\0Symfony\\\\Component\\\\Mime\\\\Header\\\\AbstractHeader\\0charset\\\";s:5:\\\"utf-8\\\";s:55:\\\"\\0Symfony\\\\Component\\\\Mime\\\\Header\\\\UnstructuredHeader\\0value\\\";s:24:\\\"Time for Symfony Mailer!\\\";}}}s:49:\\\"\\0Symfony\\\\Component\\\\Mime\\\\Header\\\\Headers\\0lineLength\\\";i:76;}i:1;N;}}s:61:\\\"\\0Symfony\\\\Component\\\\Mailer\\\\Messenger\\\\SendEmailMessage\\0envelope\\\";N;}}', '[]', 'default', '2025-02-25 14:39:28', '2025-02-25 14:39:28', NULL),
(10, 'O:36:\\\"Symfony\\\\Component\\\\Messenger\\\\Envelope\\\":2:{s:44:\\\"\\0Symfony\\\\Component\\\\Messenger\\\\Envelope\\0stamps\\\";a:1:{s:46:\\\"Symfony\\\\Component\\\\Messenger\\\\Stamp\\\\BusNameStamp\\\";a:1:{i:0;O:46:\\\"Symfony\\\\Component\\\\Messenger\\\\Stamp\\\\BusNameStamp\\\":1:{s:55:\\\"\\0Symfony\\\\Component\\\\Messenger\\\\Stamp\\\\BusNameStamp\\0busName\\\";s:21:\\\"messenger.bus.default\\\";}}}s:45:\\\"\\0Symfony\\\\Component\\\\Messenger\\\\Envelope\\0message\\\";O:51:\\\"Symfony\\\\Component\\\\Mailer\\\\Messenger\\\\SendEmailMessage\\\":2:{s:60:\\\"\\0Symfony\\\\Component\\\\Mailer\\\\Messenger\\\\SendEmailMessage\\0message\\\";O:28:\\\"Symfony\\\\Component\\\\Mime\\\\Email\\\":6:{i:0;s:28:\\\"Sending emails is fun again!\\\";i:1;s:5:\\\"utf-8\\\";i:2;s:56:\\\"<p>See Twig integration for better HTML integration!</p>\\\";i:3;s:5:\\\"utf-8\\\";i:4;a:0:{}i:5;a:2:{i:0;O:37:\\\"Symfony\\\\Component\\\\Mime\\\\Header\\\\Headers\\\":2:{s:46:\\\"\\0Symfony\\\\Component\\\\Mime\\\\Header\\\\Headers\\0headers\\\";a:3:{s:4:\\\"from\\\";a:1:{i:0;O:47:\\\"Symfony\\\\Component\\\\Mime\\\\Header\\\\MailboxListHeader\\\":5:{s:50:\\\"\\0Symfony\\\\Component\\\\Mime\\\\Header\\\\AbstractHeader\\0name\\\";s:4:\\\"From\\\";s:56:\\\"\\0Symfony\\\\Component\\\\Mime\\\\Header\\\\AbstractHeader\\0lineLength\\\";i:76;s:50:\\\"\\0Symfony\\\\Component\\\\Mime\\\\Header\\\\AbstractHeader\\0lang\\\";N;s:53:\\\"\\0Symfony\\\\Component\\\\Mime\\\\Header\\\\AbstractHeader\\0charset\\\";s:5:\\\"utf-8\\\";s:58:\\\"\\0Symfony\\\\Component\\\\Mime\\\\Header\\\\MailboxListHeader\\0addresses\\\";a:1:{i:0;O:30:\\\"Symfony\\\\Component\\\\Mime\\\\Address\\\":2:{s:39:\\\"\\0Symfony\\\\Component\\\\Mime\\\\Address\\0address\\\";s:17:\\\"hello@example.com\\\";s:36:\\\"\\0Symfony\\\\Component\\\\Mime\\\\Address\\0name\\\";s:0:\\\"\\\";}}}}s:2:\\\"to\\\";a:1:{i:0;O:47:\\\"Symfony\\\\Component\\\\Mime\\\\Header\\\\MailboxListHeader\\\":5:{s:50:\\\"\\0Symfony\\\\Component\\\\Mime\\\\Header\\\\AbstractHeader\\0name\\\";s:2:\\\"To\\\";s:56:\\\"\\0Symfony\\\\Component\\\\Mime\\\\Header\\\\AbstractHeader\\0lineLength\\\";i:76;s:50:\\\"\\0Symfony\\\\Component\\\\Mime\\\\Header\\\\AbstractHeader\\0lang\\\";N;s:53:\\\"\\0Symfony\\\\Component\\\\Mime\\\\Header\\\\AbstractHeader\\0charset\\\";s:5:\\\"utf-8\\\";s:58:\\\"\\0Symfony\\\\Component\\\\Mime\\\\Header\\\\MailboxListHeader\\0addresses\\\";a:1:{i:0;O:30:\\\"Symfony\\\\Component\\\\Mime\\\\Address\\\":2:{s:39:\\\"\\0Symfony\\\\Component\\\\Mime\\\\Address\\0address\\\";s:15:\\\"you@example.com\\\";s:36:\\\"\\0Symfony\\\\Component\\\\Mime\\\\Address\\0name\\\";s:0:\\\"\\\";}}}}s:7:\\\"subject\\\";a:1:{i:0;O:48:\\\"Symfony\\\\Component\\\\Mime\\\\Header\\\\UnstructuredHeader\\\":5:{s:50:\\\"\\0Symfony\\\\Component\\\\Mime\\\\Header\\\\AbstractHeader\\0name\\\";s:7:\\\"Subject\\\";s:56:\\\"\\0Symfony\\\\Component\\\\Mime\\\\Header\\\\AbstractHeader\\0lineLength\\\";i:76;s:50:\\\"\\0Symfony\\\\Component\\\\Mime\\\\Header\\\\AbstractHeader\\0lang\\\";N;s:53:\\\"\\0Symfony\\\\Component\\\\Mime\\\\Header\\\\AbstractHeader\\0charset\\\";s:5:\\\"utf-8\\\";s:55:\\\"\\0Symfony\\\\Component\\\\Mime\\\\Header\\\\UnstructuredHeader\\0value\\\";s:24:\\\"Time for Symfony Mailer!\\\";}}}s:49:\\\"\\0Symfony\\\\Component\\\\Mime\\\\Header\\\\Headers\\0lineLength\\\";i:76;}i:1;N;}}s:61:\\\"\\0Symfony\\\\Component\\\\Mailer\\\\Messenger\\\\SendEmailMessage\\0envelope\\\";N;}}', '[]', 'default', '2025-02-25 14:39:31', '2025-02-25 14:39:31', NULL),
(11, 'O:36:\\\"Symfony\\\\Component\\\\Messenger\\\\Envelope\\\":2:{s:44:\\\"\\0Symfony\\\\Component\\\\Messenger\\\\Envelope\\0stamps\\\";a:1:{s:46:\\\"Symfony\\\\Component\\\\Messenger\\\\Stamp\\\\BusNameStamp\\\";a:1:{i:0;O:46:\\\"Symfony\\\\Component\\\\Messenger\\\\Stamp\\\\BusNameStamp\\\":1:{s:55:\\\"\\0Symfony\\\\Component\\\\Messenger\\\\Stamp\\\\BusNameStamp\\0busName\\\";s:21:\\\"messenger.bus.default\\\";}}}s:45:\\\"\\0Symfony\\\\Component\\\\Messenger\\\\Envelope\\0message\\\";O:51:\\\"Symfony\\\\Component\\\\Mailer\\\\Messenger\\\\SendEmailMessage\\\":2:{s:60:\\\"\\0Symfony\\\\Component\\\\Mailer\\\\Messenger\\\\SendEmailMessage\\0message\\\";O:28:\\\"Symfony\\\\Component\\\\Mime\\\\Email\\\":6:{i:0;s:28:\\\"Sending emails is fun again!\\\";i:1;s:5:\\\"utf-8\\\";i:2;s:56:\\\"<p>See Twig integration for better HTML integration!</p>\\\";i:3;s:5:\\\"utf-8\\\";i:4;a:0:{}i:5;a:2:{i:0;O:37:\\\"Symfony\\\\Component\\\\Mime\\\\Header\\\\Headers\\\":2:{s:46:\\\"\\0Symfony\\\\Component\\\\Mime\\\\Header\\\\Headers\\0headers\\\";a:3:{s:4:\\\"from\\\";a:1:{i:0;O:47:\\\"Symfony\\\\Component\\\\Mime\\\\Header\\\\MailboxListHeader\\\":5:{s:50:\\\"\\0Symfony\\\\Component\\\\Mime\\\\Header\\\\AbstractHeader\\0name\\\";s:4:\\\"From\\\";s:56:\\\"\\0Symfony\\\\Component\\\\Mime\\\\Header\\\\AbstractHeader\\0lineLength\\\";i:76;s:50:\\\"\\0Symfony\\\\Component\\\\Mime\\\\Header\\\\AbstractHeader\\0lang\\\";N;s:53:\\\"\\0Symfony\\\\Component\\\\Mime\\\\Header\\\\AbstractHeader\\0charset\\\";s:5:\\\"utf-8\\\";s:58:\\\"\\0Symfony\\\\Component\\\\Mime\\\\Header\\\\MailboxListHeader\\0addresses\\\";a:1:{i:0;O:30:\\\"Symfony\\\\Component\\\\Mime\\\\Address\\\":2:{s:39:\\\"\\0Symfony\\\\Component\\\\Mime\\\\Address\\0address\\\";s:17:\\\"hello@example.com\\\";s:36:\\\"\\0Symfony\\\\Component\\\\Mime\\\\Address\\0name\\\";s:0:\\\"\\\";}}}}s:2:\\\"to\\\";a:1:{i:0;O:47:\\\"Symfony\\\\Component\\\\Mime\\\\Header\\\\MailboxListHeader\\\":5:{s:50:\\\"\\0Symfony\\\\Component\\\\Mime\\\\Header\\\\AbstractHeader\\0name\\\";s:2:\\\"To\\\";s:56:\\\"\\0Symfony\\\\Component\\\\Mime\\\\Header\\\\AbstractHeader\\0lineLength\\\";i:76;s:50:\\\"\\0Symfony\\\\Component\\\\Mime\\\\Header\\\\AbstractHeader\\0lang\\\";N;s:53:\\\"\\0Symfony\\\\Component\\\\Mime\\\\Header\\\\AbstractHeader\\0charset\\\";s:5:\\\"utf-8\\\";s:58:\\\"\\0Symfony\\\\Component\\\\Mime\\\\Header\\\\MailboxListHeader\\0addresses\\\";a:1:{i:0;O:30:\\\"Symfony\\\\Component\\\\Mime\\\\Address\\\":2:{s:39:\\\"\\0Symfony\\\\Component\\\\Mime\\\\Address\\0address\\\";s:15:\\\"you@example.com\\\";s:36:\\\"\\0Symfony\\\\Component\\\\Mime\\\\Address\\0name\\\";s:0:\\\"\\\";}}}}s:7:\\\"subject\\\";a:1:{i:0;O:48:\\\"Symfony\\\\Component\\\\Mime\\\\Header\\\\UnstructuredHeader\\\":5:{s:50:\\\"\\0Symfony\\\\Component\\\\Mime\\\\Header\\\\AbstractHeader\\0name\\\";s:7:\\\"Subject\\\";s:56:\\\"\\0Symfony\\\\Component\\\\Mime\\\\Header\\\\AbstractHeader\\0lineLength\\\";i:76;s:50:\\\"\\0Symfony\\\\Component\\\\Mime\\\\Header\\\\AbstractHeader\\0lang\\\";N;s:53:\\\"\\0Symfony\\\\Component\\\\Mime\\\\Header\\\\AbstractHeader\\0charset\\\";s:5:\\\"utf-8\\\";s:55:\\\"\\0Symfony\\\\Component\\\\Mime\\\\Header\\\\UnstructuredHeader\\0value\\\";s:24:\\\"Time for Symfony Mailer!\\\";}}}s:49:\\\"\\0Symfony\\\\Component\\\\Mime\\\\Header\\\\Headers\\0lineLength\\\";i:76;}i:1;N;}}s:61:\\\"\\0Symfony\\\\Component\\\\Mailer\\\\Messenger\\\\SendEmailMessage\\0envelope\\\";N;}}', '[]', 'default', '2025-02-25 14:41:40', '2025-02-25 14:41:40', NULL),
(12, 'O:36:\\\"Symfony\\\\Component\\\\Messenger\\\\Envelope\\\":2:{s:44:\\\"\\0Symfony\\\\Component\\\\Messenger\\\\Envelope\\0stamps\\\";a:1:{s:46:\\\"Symfony\\\\Component\\\\Messenger\\\\Stamp\\\\BusNameStamp\\\";a:1:{i:0;O:46:\\\"Symfony\\\\Component\\\\Messenger\\\\Stamp\\\\BusNameStamp\\\":1:{s:55:\\\"\\0Symfony\\\\Component\\\\Messenger\\\\Stamp\\\\BusNameStamp\\0busName\\\";s:21:\\\"messenger.bus.default\\\";}}}s:45:\\\"\\0Symfony\\\\Component\\\\Messenger\\\\Envelope\\0message\\\";O:51:\\\"Symfony\\\\Component\\\\Mailer\\\\Messenger\\\\SendEmailMessage\\\":2:{s:60:\\\"\\0Symfony\\\\Component\\\\Mailer\\\\Messenger\\\\SendEmailMessage\\0message\\\";O:28:\\\"Symfony\\\\Component\\\\Mime\\\\Email\\\":6:{i:0;s:28:\\\"Sending emails is fun again!\\\";i:1;s:5:\\\"utf-8\\\";i:2;s:56:\\\"<p>See Twig integration for better HTML integration!</p>\\\";i:3;s:5:\\\"utf-8\\\";i:4;a:0:{}i:5;a:2:{i:0;O:37:\\\"Symfony\\\\Component\\\\Mime\\\\Header\\\\Headers\\\":2:{s:46:\\\"\\0Symfony\\\\Component\\\\Mime\\\\Header\\\\Headers\\0headers\\\";a:3:{s:4:\\\"from\\\";a:1:{i:0;O:47:\\\"Symfony\\\\Component\\\\Mime\\\\Header\\\\MailboxListHeader\\\":5:{s:50:\\\"\\0Symfony\\\\Component\\\\Mime\\\\Header\\\\AbstractHeader\\0name\\\";s:4:\\\"From\\\";s:56:\\\"\\0Symfony\\\\Component\\\\Mime\\\\Header\\\\AbstractHeader\\0lineLength\\\";i:76;s:50:\\\"\\0Symfony\\\\Component\\\\Mime\\\\Header\\\\AbstractHeader\\0lang\\\";N;s:53:\\\"\\0Symfony\\\\Component\\\\Mime\\\\Header\\\\AbstractHeader\\0charset\\\";s:5:\\\"utf-8\\\";s:58:\\\"\\0Symfony\\\\Component\\\\Mime\\\\Header\\\\MailboxListHeader\\0addresses\\\";a:1:{i:0;O:30:\\\"Symfony\\\\Component\\\\Mime\\\\Address\\\":2:{s:39:\\\"\\0Symfony\\\\Component\\\\Mime\\\\Address\\0address\\\";s:17:\\\"hello@example.com\\\";s:36:\\\"\\0Symfony\\\\Component\\\\Mime\\\\Address\\0name\\\";s:0:\\\"\\\";}}}}s:2:\\\"to\\\";a:1:{i:0;O:47:\\\"Symfony\\\\Component\\\\Mime\\\\Header\\\\MailboxListHeader\\\":5:{s:50:\\\"\\0Symfony\\\\Component\\\\Mime\\\\Header\\\\AbstractHeader\\0name\\\";s:2:\\\"To\\\";s:56:\\\"\\0Symfony\\\\Component\\\\Mime\\\\Header\\\\AbstractHeader\\0lineLength\\\";i:76;s:50:\\\"\\0Symfony\\\\Component\\\\Mime\\\\Header\\\\AbstractHeader\\0lang\\\";N;s:53:\\\"\\0Symfony\\\\Component\\\\Mime\\\\Header\\\\AbstractHeader\\0charset\\\";s:5:\\\"utf-8\\\";s:58:\\\"\\0Symfony\\\\Component\\\\Mime\\\\Header\\\\MailboxListHeader\\0addresses\\\";a:1:{i:0;O:30:\\\"Symfony\\\\Component\\\\Mime\\\\Address\\\":2:{s:39:\\\"\\0Symfony\\\\Component\\\\Mime\\\\Address\\0address\\\";s:15:\\\"you@example.com\\\";s:36:\\\"\\0Symfony\\\\Component\\\\Mime\\\\Address\\0name\\\";s:0:\\\"\\\";}}}}s:7:\\\"subject\\\";a:1:{i:0;O:48:\\\"Symfony\\\\Component\\\\Mime\\\\Header\\\\UnstructuredHeader\\\":5:{s:50:\\\"\\0Symfony\\\\Component\\\\Mime\\\\Header\\\\AbstractHeader\\0name\\\";s:7:\\\"Subject\\\";s:56:\\\"\\0Symfony\\\\Component\\\\Mime\\\\Header\\\\AbstractHeader\\0lineLength\\\";i:76;s:50:\\\"\\0Symfony\\\\Component\\\\Mime\\\\Header\\\\AbstractHeader\\0lang\\\";N;s:53:\\\"\\0Symfony\\\\Component\\\\Mime\\\\Header\\\\AbstractHeader\\0charset\\\";s:5:\\\"utf-8\\\";s:55:\\\"\\0Symfony\\\\Component\\\\Mime\\\\Header\\\\UnstructuredHeader\\0value\\\";s:24:\\\"Time for Symfony Mailer!\\\";}}}s:49:\\\"\\0Symfony\\\\Component\\\\Mime\\\\Header\\\\Headers\\0lineLength\\\";i:76;}i:1;N;}}s:61:\\\"\\0Symfony\\\\Component\\\\Mailer\\\\Messenger\\\\SendEmailMessage\\0envelope\\\";N;}}', '[]', 'default', '2025-02-25 14:41:53', '2025-02-25 14:41:53', NULL),
(13, 'O:36:\\\"Symfony\\\\Component\\\\Messenger\\\\Envelope\\\":2:{s:44:\\\"\\0Symfony\\\\Component\\\\Messenger\\\\Envelope\\0stamps\\\";a:1:{s:46:\\\"Symfony\\\\Component\\\\Messenger\\\\Stamp\\\\BusNameStamp\\\";a:1:{i:0;O:46:\\\"Symfony\\\\Component\\\\Messenger\\\\Stamp\\\\BusNameStamp\\\":1:{s:55:\\\"\\0Symfony\\\\Component\\\\Messenger\\\\Stamp\\\\BusNameStamp\\0busName\\\";s:21:\\\"messenger.bus.default\\\";}}}s:45:\\\"\\0Symfony\\\\Component\\\\Messenger\\\\Envelope\\0message\\\";O:51:\\\"Symfony\\\\Component\\\\Mailer\\\\Messenger\\\\SendEmailMessage\\\":2:{s:60:\\\"\\0Symfony\\\\Component\\\\Mailer\\\\Messenger\\\\SendEmailMessage\\0message\\\";O:28:\\\"Symfony\\\\Component\\\\Mime\\\\Email\\\":6:{i:0;s:28:\\\"Sending emails is fun again!\\\";i:1;s:5:\\\"utf-8\\\";i:2;s:56:\\\"<p>See Twig integration for better HTML integration!</p>\\\";i:3;s:5:\\\"utf-8\\\";i:4;a:0:{}i:5;a:2:{i:0;O:37:\\\"Symfony\\\\Component\\\\Mime\\\\Header\\\\Headers\\\":2:{s:46:\\\"\\0Symfony\\\\Component\\\\Mime\\\\Header\\\\Headers\\0headers\\\";a:3:{s:4:\\\"from\\\";a:1:{i:0;O:47:\\\"Symfony\\\\Component\\\\Mime\\\\Header\\\\MailboxListHeader\\\":5:{s:50:\\\"\\0Symfony\\\\Component\\\\Mime\\\\Header\\\\AbstractHeader\\0name\\\";s:4:\\\"From\\\";s:56:\\\"\\0Symfony\\\\Component\\\\Mime\\\\Header\\\\AbstractHeader\\0lineLength\\\";i:76;s:50:\\\"\\0Symfony\\\\Component\\\\Mime\\\\Header\\\\AbstractHeader\\0lang\\\";N;s:53:\\\"\\0Symfony\\\\Component\\\\Mime\\\\Header\\\\AbstractHeader\\0charset\\\";s:5:\\\"utf-8\\\";s:58:\\\"\\0Symfony\\\\Component\\\\Mime\\\\Header\\\\MailboxListHeader\\0addresses\\\";a:1:{i:0;O:30:\\\"Symfony\\\\Component\\\\Mime\\\\Address\\\":2:{s:39:\\\"\\0Symfony\\\\Component\\\\Mime\\\\Address\\0address\\\";s:17:\\\"hello@example.com\\\";s:36:\\\"\\0Symfony\\\\Component\\\\Mime\\\\Address\\0name\\\";s:0:\\\"\\\";}}}}s:2:\\\"to\\\";a:1:{i:0;O:47:\\\"Symfony\\\\Component\\\\Mime\\\\Header\\\\MailboxListHeader\\\":5:{s:50:\\\"\\0Symfony\\\\Component\\\\Mime\\\\Header\\\\AbstractHeader\\0name\\\";s:2:\\\"To\\\";s:56:\\\"\\0Symfony\\\\Component\\\\Mime\\\\Header\\\\AbstractHeader\\0lineLength\\\";i:76;s:50:\\\"\\0Symfony\\\\Component\\\\Mime\\\\Header\\\\AbstractHeader\\0lang\\\";N;s:53:\\\"\\0Symfony\\\\Component\\\\Mime\\\\Header\\\\AbstractHeader\\0charset\\\";s:5:\\\"utf-8\\\";s:58:\\\"\\0Symfony\\\\Component\\\\Mime\\\\Header\\\\MailboxListHeader\\0addresses\\\";a:1:{i:0;O:30:\\\"Symfony\\\\Component\\\\Mime\\\\Address\\\":2:{s:39:\\\"\\0Symfony\\\\Component\\\\Mime\\\\Address\\0address\\\";s:23:\\\"yassinzemzem1@gmail.com\\\";s:36:\\\"\\0Symfony\\\\Component\\\\Mime\\\\Address\\0name\\\";s:0:\\\"\\\";}}}}s:7:\\\"subject\\\";a:1:{i:0;O:48:\\\"Symfony\\\\Component\\\\Mime\\\\Header\\\\UnstructuredHeader\\\":5:{s:50:\\\"\\0Symfony\\\\Component\\\\Mime\\\\Header\\\\AbstractHeader\\0name\\\";s:7:\\\"Subject\\\";s:56:\\\"\\0Symfony\\\\Component\\\\Mime\\\\Header\\\\AbstractHeader\\0lineLength\\\";i:76;s:50:\\\"\\0Symfony\\\\Component\\\\Mime\\\\Header\\\\AbstractHeader\\0lang\\\";N;s:53:\\\"\\0Symfony\\\\Component\\\\Mime\\\\Header\\\\AbstractHeader\\0charset\\\";s:5:\\\"utf-8\\\";s:55:\\\"\\0Symfony\\\\Component\\\\Mime\\\\Header\\\\UnstructuredHeader\\0value\\\";s:24:\\\"Time for Symfony Mailer!\\\";}}}s:49:\\\"\\0Symfony\\\\Component\\\\Mime\\\\Header\\\\Headers\\0lineLength\\\";i:76;}i:1;N;}}s:61:\\\"\\0Symfony\\\\Component\\\\Mailer\\\\Messenger\\\\SendEmailMessage\\0envelope\\\";N;}}', '[]', 'default', '2025-02-25 14:45:26', '2025-02-25 14:45:26', NULL),
(14, 'O:36:\\\"Symfony\\\\Component\\\\Messenger\\\\Envelope\\\":2:{s:44:\\\"\\0Symfony\\\\Component\\\\Messenger\\\\Envelope\\0stamps\\\";a:1:{s:46:\\\"Symfony\\\\Component\\\\Messenger\\\\Stamp\\\\BusNameStamp\\\";a:1:{i:0;O:46:\\\"Symfony\\\\Component\\\\Messenger\\\\Stamp\\\\BusNameStamp\\\":1:{s:55:\\\"\\0Symfony\\\\Component\\\\Messenger\\\\Stamp\\\\BusNameStamp\\0busName\\\";s:21:\\\"messenger.bus.default\\\";}}}s:45:\\\"\\0Symfony\\\\Component\\\\Messenger\\\\Envelope\\0message\\\";O:51:\\\"Symfony\\\\Component\\\\Mailer\\\\Messenger\\\\SendEmailMessage\\\":2:{s:60:\\\"\\0Symfony\\\\Component\\\\Mailer\\\\Messenger\\\\SendEmailMessage\\0message\\\";O:28:\\\"Symfony\\\\Component\\\\Mime\\\\Email\\\":6:{i:0;s:48:\\\"This email was sent via Mailtrap API in Symfony.\\\";i:1;s:5:\\\"utf-8\\\";i:2;s:59:\\\"<p>This email was sent via the Mailtrap API in Symfony.</p>\\\";i:3;s:5:\\\"utf-8\\\";i:4;a:0:{}i:5;a:2:{i:0;O:37:\\\"Symfony\\\\Component\\\\Mime\\\\Header\\\\Headers\\\":2:{s:46:\\\"\\0Symfony\\\\Component\\\\Mime\\\\Header\\\\Headers\\0headers\\\";a:3:{s:4:\\\"from\\\";a:1:{i:0;O:47:\\\"Symfony\\\\Component\\\\Mime\\\\Header\\\\MailboxListHeader\\\":5:{s:50:\\\"\\0Symfony\\\\Component\\\\Mime\\\\Header\\\\AbstractHeader\\0name\\\";s:4:\\\"From\\\";s:56:\\\"\\0Symfony\\\\Component\\\\Mime\\\\Header\\\\AbstractHeader\\0lineLength\\\";i:76;s:50:\\\"\\0Symfony\\\\Component\\\\Mime\\\\Header\\\\AbstractHeader\\0lang\\\";N;s:53:\\\"\\0Symfony\\\\Component\\\\Mime\\\\Header\\\\AbstractHeader\\0charset\\\";s:5:\\\"utf-8\\\";s:58:\\\"\\0Symfony\\\\Component\\\\Mime\\\\Header\\\\MailboxListHeader\\0addresses\\\";a:1:{i:0;O:30:\\\"Symfony\\\\Component\\\\Mime\\\\Address\\\":2:{s:39:\\\"\\0Symfony\\\\Component\\\\Mime\\\\Address\\0address\\\";s:17:\\\"hello@example.com\\\";s:36:\\\"\\0Symfony\\\\Component\\\\Mime\\\\Address\\0name\\\";s:0:\\\"\\\";}}}}s:2:\\\"to\\\";a:1:{i:0;O:47:\\\"Symfony\\\\Component\\\\Mime\\\\Header\\\\MailboxListHeader\\\":5:{s:50:\\\"\\0Symfony\\\\Component\\\\Mime\\\\Header\\\\AbstractHeader\\0name\\\";s:2:\\\"To\\\";s:56:\\\"\\0Symfony\\\\Component\\\\Mime\\\\Header\\\\AbstractHeader\\0lineLength\\\";i:76;s:50:\\\"\\0Symfony\\\\Component\\\\Mime\\\\Header\\\\AbstractHeader\\0lang\\\";N;s:53:\\\"\\0Symfony\\\\Component\\\\Mime\\\\Header\\\\AbstractHeader\\0charset\\\";s:5:\\\"utf-8\\\";s:58:\\\"\\0Symfony\\\\Component\\\\Mime\\\\Header\\\\MailboxListHeader\\0addresses\\\";a:1:{i:0;O:30:\\\"Symfony\\\\Component\\\\Mime\\\\Address\\\":2:{s:39:\\\"\\0Symfony\\\\Component\\\\Mime\\\\Address\\0address\\\";s:15:\\\"you@example.com\\\";s:36:\\\"\\0Symfony\\\\Component\\\\Mime\\\\Address\\0name\\\";s:0:\\\"\\\";}}}}s:7:\\\"subject\\\";a:1:{i:0;O:48:\\\"Symfony\\\\Component\\\\Mime\\\\Header\\\\UnstructuredHeader\\\":5:{s:50:\\\"\\0Symfony\\\\Component\\\\Mime\\\\Header\\\\AbstractHeader\\0name\\\";s:7:\\\"Subject\\\";s:56:\\\"\\0Symfony\\\\Component\\\\Mime\\\\Header\\\\AbstractHeader\\0lineLength\\\";i:76;s:50:\\\"\\0Symfony\\\\Component\\\\Mime\\\\Header\\\\AbstractHeader\\0lang\\\";N;s:53:\\\"\\0Symfony\\\\Component\\\\Mime\\\\Header\\\\AbstractHeader\\0charset\\\";s:5:\\\"utf-8\\\";s:55:\\\"\\0Symfony\\\\Component\\\\Mime\\\\Header\\\\UnstructuredHeader\\0value\\\";s:27:\\\"Test Email via Mailtrap API\\\";}}}s:49:\\\"\\0Symfony\\\\Component\\\\Mime\\\\Header\\\\Headers\\0lineLength\\\";i:76;}i:1;N;}}s:61:\\\"\\0Symfony\\\\Component\\\\Mailer\\\\Messenger\\\\SendEmailMessage\\0envelope\\\";N;}}', '[]', 'default', '2025-02-25 14:49:53', '2025-02-25 14:49:53', NULL);
INSERT INTO `messenger_messages` (`id`, `body`, `headers`, `queue_name`, `created_at`, `available_at`, `delivered_at`) VALUES
(15, 'O:36:\\\"Symfony\\\\Component\\\\Messenger\\\\Envelope\\\":2:{s:44:\\\"\\0Symfony\\\\Component\\\\Messenger\\\\Envelope\\0stamps\\\";a:1:{s:46:\\\"Symfony\\\\Component\\\\Messenger\\\\Stamp\\\\BusNameStamp\\\";a:1:{i:0;O:46:\\\"Symfony\\\\Component\\\\Messenger\\\\Stamp\\\\BusNameStamp\\\":1:{s:55:\\\"\\0Symfony\\\\Component\\\\Messenger\\\\Stamp\\\\BusNameStamp\\0busName\\\";s:21:\\\"messenger.bus.default\\\";}}}s:45:\\\"\\0Symfony\\\\Component\\\\Messenger\\\\Envelope\\0message\\\";O:51:\\\"Symfony\\\\Component\\\\Mailer\\\\Messenger\\\\SendEmailMessage\\\":2:{s:60:\\\"\\0Symfony\\\\Component\\\\Mailer\\\\Messenger\\\\SendEmailMessage\\0message\\\";O:28:\\\"Symfony\\\\Component\\\\Mime\\\\Email\\\":6:{i:0;s:48:\\\"This email was sent via Mailtrap API in Symfony.\\\";i:1;s:5:\\\"utf-8\\\";i:2;s:59:\\\"<p>This email was sent via the Mailtrap API in Symfony.</p>\\\";i:3;s:5:\\\"utf-8\\\";i:4;a:0:{}i:5;a:2:{i:0;O:37:\\\"Symfony\\\\Component\\\\Mime\\\\Header\\\\Headers\\\":2:{s:46:\\\"\\0Symfony\\\\Component\\\\Mime\\\\Header\\\\Headers\\0headers\\\";a:3:{s:4:\\\"from\\\";a:1:{i:0;O:47:\\\"Symfony\\\\Component\\\\Mime\\\\Header\\\\MailboxListHeader\\\":5:{s:50:\\\"\\0Symfony\\\\Component\\\\Mime\\\\Header\\\\AbstractHeader\\0name\\\";s:4:\\\"From\\\";s:56:\\\"\\0Symfony\\\\Component\\\\Mime\\\\Header\\\\AbstractHeader\\0lineLength\\\";i:76;s:50:\\\"\\0Symfony\\\\Component\\\\Mime\\\\Header\\\\AbstractHeader\\0lang\\\";N;s:53:\\\"\\0Symfony\\\\Component\\\\Mime\\\\Header\\\\AbstractHeader\\0charset\\\";s:5:\\\"utf-8\\\";s:58:\\\"\\0Symfony\\\\Component\\\\Mime\\\\Header\\\\MailboxListHeader\\0addresses\\\";a:1:{i:0;O:30:\\\"Symfony\\\\Component\\\\Mime\\\\Address\\\":2:{s:39:\\\"\\0Symfony\\\\Component\\\\Mime\\\\Address\\0address\\\";s:17:\\\"hello@example.com\\\";s:36:\\\"\\0Symfony\\\\Component\\\\Mime\\\\Address\\0name\\\";s:0:\\\"\\\";}}}}s:2:\\\"to\\\";a:1:{i:0;O:47:\\\"Symfony\\\\Component\\\\Mime\\\\Header\\\\MailboxListHeader\\\":5:{s:50:\\\"\\0Symfony\\\\Component\\\\Mime\\\\Header\\\\AbstractHeader\\0name\\\";s:2:\\\"To\\\";s:56:\\\"\\0Symfony\\\\Component\\\\Mime\\\\Header\\\\AbstractHeader\\0lineLength\\\";i:76;s:50:\\\"\\0Symfony\\\\Component\\\\Mime\\\\Header\\\\AbstractHeader\\0lang\\\";N;s:53:\\\"\\0Symfony\\\\Component\\\\Mime\\\\Header\\\\AbstractHeader\\0charset\\\";s:5:\\\"utf-8\\\";s:58:\\\"\\0Symfony\\\\Component\\\\Mime\\\\Header\\\\MailboxListHeader\\0addresses\\\";a:1:{i:0;O:30:\\\"Symfony\\\\Component\\\\Mime\\\\Address\\\":2:{s:39:\\\"\\0Symfony\\\\Component\\\\Mime\\\\Address\\0address\\\";s:15:\\\"you@example.com\\\";s:36:\\\"\\0Symfony\\\\Component\\\\Mime\\\\Address\\0name\\\";s:0:\\\"\\\";}}}}s:7:\\\"subject\\\";a:1:{i:0;O:48:\\\"Symfony\\\\Component\\\\Mime\\\\Header\\\\UnstructuredHeader\\\":5:{s:50:\\\"\\0Symfony\\\\Component\\\\Mime\\\\Header\\\\AbstractHeader\\0name\\\";s:7:\\\"Subject\\\";s:56:\\\"\\0Symfony\\\\Component\\\\Mime\\\\Header\\\\AbstractHeader\\0lineLength\\\";i:76;s:50:\\\"\\0Symfony\\\\Component\\\\Mime\\\\Header\\\\AbstractHeader\\0lang\\\";N;s:53:\\\"\\0Symfony\\\\Component\\\\Mime\\\\Header\\\\AbstractHeader\\0charset\\\";s:5:\\\"utf-8\\\";s:55:\\\"\\0Symfony\\\\Component\\\\Mime\\\\Header\\\\UnstructuredHeader\\0value\\\";s:27:\\\"Test Email via Mailtrap API\\\";}}}s:49:\\\"\\0Symfony\\\\Component\\\\Mime\\\\Header\\\\Headers\\0lineLength\\\";i:76;}i:1;N;}}s:61:\\\"\\0Symfony\\\\Component\\\\Mailer\\\\Messenger\\\\SendEmailMessage\\0envelope\\\";N;}}', '[]', 'default', '2025-02-25 15:03:46', '2025-02-25 15:03:46', NULL),
(16, 'O:36:\\\"Symfony\\\\Component\\\\Messenger\\\\Envelope\\\":2:{s:44:\\\"\\0Symfony\\\\Component\\\\Messenger\\\\Envelope\\0stamps\\\";a:1:{s:46:\\\"Symfony\\\\Component\\\\Messenger\\\\Stamp\\\\BusNameStamp\\\";a:1:{i:0;O:46:\\\"Symfony\\\\Component\\\\Messenger\\\\Stamp\\\\BusNameStamp\\\":1:{s:55:\\\"\\0Symfony\\\\Component\\\\Messenger\\\\Stamp\\\\BusNameStamp\\0busName\\\";s:21:\\\"messenger.bus.default\\\";}}}s:45:\\\"\\0Symfony\\\\Component\\\\Messenger\\\\Envelope\\0message\\\";O:51:\\\"Symfony\\\\Component\\\\Mailer\\\\Messenger\\\\SendEmailMessage\\\":2:{s:60:\\\"\\0Symfony\\\\Component\\\\Mailer\\\\Messenger\\\\SendEmailMessage\\0message\\\";O:28:\\\"Symfony\\\\Component\\\\Mime\\\\Email\\\":6:{i:0;s:28:\\\"Sending emails is fun again!\\\";i:1;s:5:\\\"utf-8\\\";i:2;s:56:\\\"<p>See Twig integration for better HTML integration!</p>\\\";i:3;s:5:\\\"utf-8\\\";i:4;a:0:{}i:5;a:2:{i:0;O:37:\\\"Symfony\\\\Component\\\\Mime\\\\Header\\\\Headers\\\":2:{s:46:\\\"\\0Symfony\\\\Component\\\\Mime\\\\Header\\\\Headers\\0headers\\\";a:3:{s:4:\\\"from\\\";a:1:{i:0;O:47:\\\"Symfony\\\\Component\\\\Mime\\\\Header\\\\MailboxListHeader\\\":5:{s:50:\\\"\\0Symfony\\\\Component\\\\Mime\\\\Header\\\\AbstractHeader\\0name\\\";s:4:\\\"From\\\";s:56:\\\"\\0Symfony\\\\Component\\\\Mime\\\\Header\\\\AbstractHeader\\0lineLength\\\";i:76;s:50:\\\"\\0Symfony\\\\Component\\\\Mime\\\\Header\\\\AbstractHeader\\0lang\\\";N;s:53:\\\"\\0Symfony\\\\Component\\\\Mime\\\\Header\\\\AbstractHeader\\0charset\\\";s:5:\\\"utf-8\\\";s:58:\\\"\\0Symfony\\\\Component\\\\Mime\\\\Header\\\\MailboxListHeader\\0addresses\\\";a:1:{i:0;O:30:\\\"Symfony\\\\Component\\\\Mime\\\\Address\\\":2:{s:39:\\\"\\0Symfony\\\\Component\\\\Mime\\\\Address\\0address\\\";s:17:\\\"hello@example.com\\\";s:36:\\\"\\0Symfony\\\\Component\\\\Mime\\\\Address\\0name\\\";s:0:\\\"\\\";}}}}s:2:\\\"to\\\";a:1:{i:0;O:47:\\\"Symfony\\\\Component\\\\Mime\\\\Header\\\\MailboxListHeader\\\":5:{s:50:\\\"\\0Symfony\\\\Component\\\\Mime\\\\Header\\\\AbstractHeader\\0name\\\";s:2:\\\"To\\\";s:56:\\\"\\0Symfony\\\\Component\\\\Mime\\\\Header\\\\AbstractHeader\\0lineLength\\\";i:76;s:50:\\\"\\0Symfony\\\\Component\\\\Mime\\\\Header\\\\AbstractHeader\\0lang\\\";N;s:53:\\\"\\0Symfony\\\\Component\\\\Mime\\\\Header\\\\AbstractHeader\\0charset\\\";s:5:\\\"utf-8\\\";s:58:\\\"\\0Symfony\\\\Component\\\\Mime\\\\Header\\\\MailboxListHeader\\0addresses\\\";a:1:{i:0;O:30:\\\"Symfony\\\\Component\\\\Mime\\\\Address\\\":2:{s:39:\\\"\\0Symfony\\\\Component\\\\Mime\\\\Address\\0address\\\";s:23:\\\"yassinzemzem1@gmail.com\\\";s:36:\\\"\\0Symfony\\\\Component\\\\Mime\\\\Address\\0name\\\";s:0:\\\"\\\";}}}}s:7:\\\"subject\\\";a:1:{i:0;O:48:\\\"Symfony\\\\Component\\\\Mime\\\\Header\\\\UnstructuredHeader\\\":5:{s:50:\\\"\\0Symfony\\\\Component\\\\Mime\\\\Header\\\\AbstractHeader\\0name\\\";s:7:\\\"Subject\\\";s:56:\\\"\\0Symfony\\\\Component\\\\Mime\\\\Header\\\\AbstractHeader\\0lineLength\\\";i:76;s:50:\\\"\\0Symfony\\\\Component\\\\Mime\\\\Header\\\\AbstractHeader\\0lang\\\";N;s:53:\\\"\\0Symfony\\\\Component\\\\Mime\\\\Header\\\\AbstractHeader\\0charset\\\";s:5:\\\"utf-8\\\";s:55:\\\"\\0Symfony\\\\Component\\\\Mime\\\\Header\\\\UnstructuredHeader\\0value\\\";s:24:\\\"Time for Symfony Mailer!\\\";}}}s:49:\\\"\\0Symfony\\\\Component\\\\Mime\\\\Header\\\\Headers\\0lineLength\\\";i:76;}i:1;N;}}s:61:\\\"\\0Symfony\\\\Component\\\\Mailer\\\\Messenger\\\\SendEmailMessage\\0envelope\\\";N;}}', '[]', 'default', '2025-02-25 15:13:45', '2025-02-25 15:13:45', NULL),
(17, 'O:36:\\\"Symfony\\\\Component\\\\Messenger\\\\Envelope\\\":2:{s:44:\\\"\\0Symfony\\\\Component\\\\Messenger\\\\Envelope\\0stamps\\\";a:1:{s:46:\\\"Symfony\\\\Component\\\\Messenger\\\\Stamp\\\\BusNameStamp\\\";a:1:{i:0;O:46:\\\"Symfony\\\\Component\\\\Messenger\\\\Stamp\\\\BusNameStamp\\\":1:{s:55:\\\"\\0Symfony\\\\Component\\\\Messenger\\\\Stamp\\\\BusNameStamp\\0busName\\\";s:21:\\\"messenger.bus.default\\\";}}}s:45:\\\"\\0Symfony\\\\Component\\\\Messenger\\\\Envelope\\0message\\\";O:51:\\\"Symfony\\\\Component\\\\Mailer\\\\Messenger\\\\SendEmailMessage\\\":2:{s:60:\\\"\\0Symfony\\\\Component\\\\Mailer\\\\Messenger\\\\SendEmailMessage\\0message\\\";O:28:\\\"Symfony\\\\Component\\\\Mime\\\\Email\\\":6:{i:0;s:28:\\\"Sending emails is fun again!\\\";i:1;s:5:\\\"utf-8\\\";i:2;s:56:\\\"<p>See Twig integration for better HTML integration!</p>\\\";i:3;s:5:\\\"utf-8\\\";i:4;a:0:{}i:5;a:2:{i:0;O:37:\\\"Symfony\\\\Component\\\\Mime\\\\Header\\\\Headers\\\":2:{s:46:\\\"\\0Symfony\\\\Component\\\\Mime\\\\Header\\\\Headers\\0headers\\\";a:3:{s:4:\\\"from\\\";a:1:{i:0;O:47:\\\"Symfony\\\\Component\\\\Mime\\\\Header\\\\MailboxListHeader\\\":5:{s:50:\\\"\\0Symfony\\\\Component\\\\Mime\\\\Header\\\\AbstractHeader\\0name\\\";s:4:\\\"From\\\";s:56:\\\"\\0Symfony\\\\Component\\\\Mime\\\\Header\\\\AbstractHeader\\0lineLength\\\";i:76;s:50:\\\"\\0Symfony\\\\Component\\\\Mime\\\\Header\\\\AbstractHeader\\0lang\\\";N;s:53:\\\"\\0Symfony\\\\Component\\\\Mime\\\\Header\\\\AbstractHeader\\0charset\\\";s:5:\\\"utf-8\\\";s:58:\\\"\\0Symfony\\\\Component\\\\Mime\\\\Header\\\\MailboxListHeader\\0addresses\\\";a:1:{i:0;O:30:\\\"Symfony\\\\Component\\\\Mime\\\\Address\\\":2:{s:39:\\\"\\0Symfony\\\\Component\\\\Mime\\\\Address\\0address\\\";s:17:\\\"admin@example.com\\\";s:36:\\\"\\0Symfony\\\\Component\\\\Mime\\\\Address\\0name\\\";s:0:\\\"\\\";}}}}s:2:\\\"to\\\";a:1:{i:0;O:47:\\\"Symfony\\\\Component\\\\Mime\\\\Header\\\\MailboxListHeader\\\":5:{s:50:\\\"\\0Symfony\\\\Component\\\\Mime\\\\Header\\\\AbstractHeader\\0name\\\";s:2:\\\"To\\\";s:56:\\\"\\0Symfony\\\\Component\\\\Mime\\\\Header\\\\AbstractHeader\\0lineLength\\\";i:76;s:50:\\\"\\0Symfony\\\\Component\\\\Mime\\\\Header\\\\AbstractHeader\\0lang\\\";N;s:53:\\\"\\0Symfony\\\\Component\\\\Mime\\\\Header\\\\AbstractHeader\\0charset\\\";s:5:\\\"utf-8\\\";s:58:\\\"\\0Symfony\\\\Component\\\\Mime\\\\Header\\\\MailboxListHeader\\0addresses\\\";a:1:{i:0;O:30:\\\"Symfony\\\\Component\\\\Mime\\\\Address\\\":2:{s:39:\\\"\\0Symfony\\\\Component\\\\Mime\\\\Address\\0address\\\";s:23:\\\"yassinzemzem1@gmail.com\\\";s:36:\\\"\\0Symfony\\\\Component\\\\Mime\\\\Address\\0name\\\";s:0:\\\"\\\";}}}}s:7:\\\"subject\\\";a:1:{i:0;O:48:\\\"Symfony\\\\Component\\\\Mime\\\\Header\\\\UnstructuredHeader\\\":5:{s:50:\\\"\\0Symfony\\\\Component\\\\Mime\\\\Header\\\\AbstractHeader\\0name\\\";s:7:\\\"Subject\\\";s:56:\\\"\\0Symfony\\\\Component\\\\Mime\\\\Header\\\\AbstractHeader\\0lineLength\\\";i:76;s:50:\\\"\\0Symfony\\\\Component\\\\Mime\\\\Header\\\\AbstractHeader\\0lang\\\";N;s:53:\\\"\\0Symfony\\\\Component\\\\Mime\\\\Header\\\\AbstractHeader\\0charset\\\";s:5:\\\"utf-8\\\";s:55:\\\"\\0Symfony\\\\Component\\\\Mime\\\\Header\\\\UnstructuredHeader\\0value\\\";s:24:\\\"Time for Symfony Mailer!\\\";}}}s:49:\\\"\\0Symfony\\\\Component\\\\Mime\\\\Header\\\\Headers\\0lineLength\\\";i:76;}i:1;N;}}s:61:\\\"\\0Symfony\\\\Component\\\\Mailer\\\\Messenger\\\\SendEmailMessage\\0envelope\\\";N;}}', '[]', 'default', '2025-02-25 15:50:00', '2025-02-25 15:50:00', NULL),
(18, 'O:36:\\\"Symfony\\\\Component\\\\Messenger\\\\Envelope\\\":2:{s:44:\\\"\\0Symfony\\\\Component\\\\Messenger\\\\Envelope\\0stamps\\\";a:1:{s:46:\\\"Symfony\\\\Component\\\\Messenger\\\\Stamp\\\\BusNameStamp\\\";a:1:{i:0;O:46:\\\"Symfony\\\\Component\\\\Messenger\\\\Stamp\\\\BusNameStamp\\\":1:{s:55:\\\"\\0Symfony\\\\Component\\\\Messenger\\\\Stamp\\\\BusNameStamp\\0busName\\\";s:21:\\\"messenger.bus.default\\\";}}}s:45:\\\"\\0Symfony\\\\Component\\\\Messenger\\\\Envelope\\0message\\\";O:51:\\\"Symfony\\\\Component\\\\Mailer\\\\Messenger\\\\SendEmailMessage\\\":2:{s:60:\\\"\\0Symfony\\\\Component\\\\Mailer\\\\Messenger\\\\SendEmailMessage\\0message\\\";O:28:\\\"Symfony\\\\Component\\\\Mime\\\\Email\\\":6:{i:0;s:48:\\\"This email was sent via Mailtrap API in Symfony.\\\";i:1;s:5:\\\"utf-8\\\";i:2;s:59:\\\"<p>This email was sent via the Mailtrap API in Symfony.</p>\\\";i:3;s:5:\\\"utf-8\\\";i:4;a:0:{}i:5;a:2:{i:0;O:37:\\\"Symfony\\\\Component\\\\Mime\\\\Header\\\\Headers\\\":2:{s:46:\\\"\\0Symfony\\\\Component\\\\Mime\\\\Header\\\\Headers\\0headers\\\";a:3:{s:4:\\\"from\\\";a:1:{i:0;O:47:\\\"Symfony\\\\Component\\\\Mime\\\\Header\\\\MailboxListHeader\\\":5:{s:50:\\\"\\0Symfony\\\\Component\\\\Mime\\\\Header\\\\AbstractHeader\\0name\\\";s:4:\\\"From\\\";s:56:\\\"\\0Symfony\\\\Component\\\\Mime\\\\Header\\\\AbstractHeader\\0lineLength\\\";i:76;s:50:\\\"\\0Symfony\\\\Component\\\\Mime\\\\Header\\\\AbstractHeader\\0lang\\\";N;s:53:\\\"\\0Symfony\\\\Component\\\\Mime\\\\Header\\\\AbstractHeader\\0charset\\\";s:5:\\\"utf-8\\\";s:58:\\\"\\0Symfony\\\\Component\\\\Mime\\\\Header\\\\MailboxListHeader\\0addresses\\\";a:1:{i:0;O:30:\\\"Symfony\\\\Component\\\\Mime\\\\Address\\\":2:{s:39:\\\"\\0Symfony\\\\Component\\\\Mime\\\\Address\\0address\\\";s:23:\\\"yassinzemzem1@gmail.com\\\";s:36:\\\"\\0Symfony\\\\Component\\\\Mime\\\\Address\\0name\\\";s:0:\\\"\\\";}}}}s:2:\\\"to\\\";a:1:{i:0;O:47:\\\"Symfony\\\\Component\\\\Mime\\\\Header\\\\MailboxListHeader\\\":5:{s:50:\\\"\\0Symfony\\\\Component\\\\Mime\\\\Header\\\\AbstractHeader\\0name\\\";s:2:\\\"To\\\";s:56:\\\"\\0Symfony\\\\Component\\\\Mime\\\\Header\\\\AbstractHeader\\0lineLength\\\";i:76;s:50:\\\"\\0Symfony\\\\Component\\\\Mime\\\\Header\\\\AbstractHeader\\0lang\\\";N;s:53:\\\"\\0Symfony\\\\Component\\\\Mime\\\\Header\\\\AbstractHeader\\0charset\\\";s:5:\\\"utf-8\\\";s:58:\\\"\\0Symfony\\\\Component\\\\Mime\\\\Header\\\\MailboxListHeader\\0addresses\\\";a:1:{i:0;O:30:\\\"Symfony\\\\Component\\\\Mime\\\\Address\\\":2:{s:39:\\\"\\0Symfony\\\\Component\\\\Mime\\\\Address\\0address\\\";s:19:\\\"akoyomi63@gmail.com\\\";s:36:\\\"\\0Symfony\\\\Component\\\\Mime\\\\Address\\0name\\\";s:0:\\\"\\\";}}}}s:7:\\\"subject\\\";a:1:{i:0;O:48:\\\"Symfony\\\\Component\\\\Mime\\\\Header\\\\UnstructuredHeader\\\":5:{s:50:\\\"\\0Symfony\\\\Component\\\\Mime\\\\Header\\\\AbstractHeader\\0name\\\";s:7:\\\"Subject\\\";s:56:\\\"\\0Symfony\\\\Component\\\\Mime\\\\Header\\\\AbstractHeader\\0lineLength\\\";i:76;s:50:\\\"\\0Symfony\\\\Component\\\\Mime\\\\Header\\\\AbstractHeader\\0lang\\\";N;s:53:\\\"\\0Symfony\\\\Component\\\\Mime\\\\Header\\\\AbstractHeader\\0charset\\\";s:5:\\\"utf-8\\\";s:55:\\\"\\0Symfony\\\\Component\\\\Mime\\\\Header\\\\UnstructuredHeader\\0value\\\";s:27:\\\"Test Email via Mailtrap API\\\";}}}s:49:\\\"\\0Symfony\\\\Component\\\\Mime\\\\Header\\\\Headers\\0lineLength\\\";i:76;}i:1;N;}}s:61:\\\"\\0Symfony\\\\Component\\\\Mailer\\\\Messenger\\\\SendEmailMessage\\0envelope\\\";N;}}', '[]', 'default', '2025-02-25 15:56:47', '2025-02-25 15:56:47', NULL),
(19, 'O:36:\\\"Symfony\\\\Component\\\\Messenger\\\\Envelope\\\":2:{s:44:\\\"\\0Symfony\\\\Component\\\\Messenger\\\\Envelope\\0stamps\\\";a:1:{s:46:\\\"Symfony\\\\Component\\\\Messenger\\\\Stamp\\\\BusNameStamp\\\";a:1:{i:0;O:46:\\\"Symfony\\\\Component\\\\Messenger\\\\Stamp\\\\BusNameStamp\\\":1:{s:55:\\\"\\0Symfony\\\\Component\\\\Messenger\\\\Stamp\\\\BusNameStamp\\0busName\\\";s:21:\\\"messenger.bus.default\\\";}}}s:45:\\\"\\0Symfony\\\\Component\\\\Messenger\\\\Envelope\\0message\\\";O:51:\\\"Symfony\\\\Component\\\\Mailer\\\\Messenger\\\\SendEmailMessage\\\":2:{s:60:\\\"\\0Symfony\\\\Component\\\\Mailer\\\\Messenger\\\\SendEmailMessage\\0message\\\";O:28:\\\"Symfony\\\\Component\\\\Mime\\\\Email\\\":6:{i:0;s:48:\\\"This email was sent via Mailtrap API in Symfony.\\\";i:1;s:5:\\\"utf-8\\\";i:2;s:59:\\\"<p>This email was sent via the Mailtrap API in Symfony.</p>\\\";i:3;s:5:\\\"utf-8\\\";i:4;a:0:{}i:5;a:2:{i:0;O:37:\\\"Symfony\\\\Component\\\\Mime\\\\Header\\\\Headers\\\":2:{s:46:\\\"\\0Symfony\\\\Component\\\\Mime\\\\Header\\\\Headers\\0headers\\\";a:3:{s:4:\\\"from\\\";a:1:{i:0;O:47:\\\"Symfony\\\\Component\\\\Mime\\\\Header\\\\MailboxListHeader\\\":5:{s:50:\\\"\\0Symfony\\\\Component\\\\Mime\\\\Header\\\\AbstractHeader\\0name\\\";s:4:\\\"From\\\";s:56:\\\"\\0Symfony\\\\Component\\\\Mime\\\\Header\\\\AbstractHeader\\0lineLength\\\";i:76;s:50:\\\"\\0Symfony\\\\Component\\\\Mime\\\\Header\\\\AbstractHeader\\0lang\\\";N;s:53:\\\"\\0Symfony\\\\Component\\\\Mime\\\\Header\\\\AbstractHeader\\0charset\\\";s:5:\\\"utf-8\\\";s:58:\\\"\\0Symfony\\\\Component\\\\Mime\\\\Header\\\\MailboxListHeader\\0addresses\\\";a:1:{i:0;O:30:\\\"Symfony\\\\Component\\\\Mime\\\\Address\\\":2:{s:39:\\\"\\0Symfony\\\\Component\\\\Mime\\\\Address\\0address\\\";s:23:\\\"yassinzemzem1@gmail.com\\\";s:36:\\\"\\0Symfony\\\\Component\\\\Mime\\\\Address\\0name\\\";s:0:\\\"\\\";}}}}s:2:\\\"to\\\";a:1:{i:0;O:47:\\\"Symfony\\\\Component\\\\Mime\\\\Header\\\\MailboxListHeader\\\":5:{s:50:\\\"\\0Symfony\\\\Component\\\\Mime\\\\Header\\\\AbstractHeader\\0name\\\";s:2:\\\"To\\\";s:56:\\\"\\0Symfony\\\\Component\\\\Mime\\\\Header\\\\AbstractHeader\\0lineLength\\\";i:76;s:50:\\\"\\0Symfony\\\\Component\\\\Mime\\\\Header\\\\AbstractHeader\\0lang\\\";N;s:53:\\\"\\0Symfony\\\\Component\\\\Mime\\\\Header\\\\AbstractHeader\\0charset\\\";s:5:\\\"utf-8\\\";s:58:\\\"\\0Symfony\\\\Component\\\\Mime\\\\Header\\\\MailboxListHeader\\0addresses\\\";a:1:{i:0;O:30:\\\"Symfony\\\\Component\\\\Mime\\\\Address\\\":2:{s:39:\\\"\\0Symfony\\\\Component\\\\Mime\\\\Address\\0address\\\";s:19:\\\"akoyomi63@gmail.com\\\";s:36:\\\"\\0Symfony\\\\Component\\\\Mime\\\\Address\\0name\\\";s:0:\\\"\\\";}}}}s:7:\\\"subject\\\";a:1:{i:0;O:48:\\\"Symfony\\\\Component\\\\Mime\\\\Header\\\\UnstructuredHeader\\\":5:{s:50:\\\"\\0Symfony\\\\Component\\\\Mime\\\\Header\\\\AbstractHeader\\0name\\\";s:7:\\\"Subject\\\";s:56:\\\"\\0Symfony\\\\Component\\\\Mime\\\\Header\\\\AbstractHeader\\0lineLength\\\";i:76;s:50:\\\"\\0Symfony\\\\Component\\\\Mime\\\\Header\\\\AbstractHeader\\0lang\\\";N;s:53:\\\"\\0Symfony\\\\Component\\\\Mime\\\\Header\\\\AbstractHeader\\0charset\\\";s:5:\\\"utf-8\\\";s:55:\\\"\\0Symfony\\\\Component\\\\Mime\\\\Header\\\\UnstructuredHeader\\0value\\\";s:27:\\\"Test Email via Mailtrap API\\\";}}}s:49:\\\"\\0Symfony\\\\Component\\\\Mime\\\\Header\\\\Headers\\0lineLength\\\";i:76;}i:1;N;}}s:61:\\\"\\0Symfony\\\\Component\\\\Mailer\\\\Messenger\\\\SendEmailMessage\\0envelope\\\";N;}}', '[]', 'default', '2025-02-25 16:04:41', '2025-02-25 16:04:41', NULL),
(20, 'O:36:\\\"Symfony\\\\Component\\\\Messenger\\\\Envelope\\\":2:{s:44:\\\"\\0Symfony\\\\Component\\\\Messenger\\\\Envelope\\0stamps\\\";a:1:{s:46:\\\"Symfony\\\\Component\\\\Messenger\\\\Stamp\\\\BusNameStamp\\\";a:1:{i:0;O:46:\\\"Symfony\\\\Component\\\\Messenger\\\\Stamp\\\\BusNameStamp\\\":1:{s:55:\\\"\\0Symfony\\\\Component\\\\Messenger\\\\Stamp\\\\BusNameStamp\\0busName\\\";s:21:\\\"messenger.bus.default\\\";}}}s:45:\\\"\\0Symfony\\\\Component\\\\Messenger\\\\Envelope\\0message\\\";O:51:\\\"Symfony\\\\Component\\\\Mailer\\\\Messenger\\\\SendEmailMessage\\\":2:{s:60:\\\"\\0Symfony\\\\Component\\\\Mailer\\\\Messenger\\\\SendEmailMessage\\0message\\\";O:28:\\\"Symfony\\\\Component\\\\Mime\\\\Email\\\":6:{i:0;s:48:\\\"This email was sent via Mailtrap API in Symfony.\\\";i:1;s:5:\\\"utf-8\\\";i:2;s:59:\\\"<p>This email was sent via the Mailtrap API in Symfony.</p>\\\";i:3;s:5:\\\"utf-8\\\";i:4;a:0:{}i:5;a:2:{i:0;O:37:\\\"Symfony\\\\Component\\\\Mime\\\\Header\\\\Headers\\\":2:{s:46:\\\"\\0Symfony\\\\Component\\\\Mime\\\\Header\\\\Headers\\0headers\\\";a:3:{s:4:\\\"from\\\";a:1:{i:0;O:47:\\\"Symfony\\\\Component\\\\Mime\\\\Header\\\\MailboxListHeader\\\":5:{s:50:\\\"\\0Symfony\\\\Component\\\\Mime\\\\Header\\\\AbstractHeader\\0name\\\";s:4:\\\"From\\\";s:56:\\\"\\0Symfony\\\\Component\\\\Mime\\\\Header\\\\AbstractHeader\\0lineLength\\\";i:76;s:50:\\\"\\0Symfony\\\\Component\\\\Mime\\\\Header\\\\AbstractHeader\\0lang\\\";N;s:53:\\\"\\0Symfony\\\\Component\\\\Mime\\\\Header\\\\AbstractHeader\\0charset\\\";s:5:\\\"utf-8\\\";s:58:\\\"\\0Symfony\\\\Component\\\\Mime\\\\Header\\\\MailboxListHeader\\0addresses\\\";a:1:{i:0;O:30:\\\"Symfony\\\\Component\\\\Mime\\\\Address\\\":2:{s:39:\\\"\\0Symfony\\\\Component\\\\Mime\\\\Address\\0address\\\";s:23:\\\"yassinzemzem1@gmail.com\\\";s:36:\\\"\\0Symfony\\\\Component\\\\Mime\\\\Address\\0name\\\";s:0:\\\"\\\";}}}}s:2:\\\"to\\\";a:1:{i:0;O:47:\\\"Symfony\\\\Component\\\\Mime\\\\Header\\\\MailboxListHeader\\\":5:{s:50:\\\"\\0Symfony\\\\Component\\\\Mime\\\\Header\\\\AbstractHeader\\0name\\\";s:2:\\\"To\\\";s:56:\\\"\\0Symfony\\\\Component\\\\Mime\\\\Header\\\\AbstractHeader\\0lineLength\\\";i:76;s:50:\\\"\\0Symfony\\\\Component\\\\Mime\\\\Header\\\\AbstractHeader\\0lang\\\";N;s:53:\\\"\\0Symfony\\\\Component\\\\Mime\\\\Header\\\\AbstractHeader\\0charset\\\";s:5:\\\"utf-8\\\";s:58:\\\"\\0Symfony\\\\Component\\\\Mime\\\\Header\\\\MailboxListHeader\\0addresses\\\";a:1:{i:0;O:30:\\\"Symfony\\\\Component\\\\Mime\\\\Address\\\":2:{s:39:\\\"\\0Symfony\\\\Component\\\\Mime\\\\Address\\0address\\\";s:19:\\\"akoyomi63@gmail.com\\\";s:36:\\\"\\0Symfony\\\\Component\\\\Mime\\\\Address\\0name\\\";s:0:\\\"\\\";}}}}s:7:\\\"subject\\\";a:1:{i:0;O:48:\\\"Symfony\\\\Component\\\\Mime\\\\Header\\\\UnstructuredHeader\\\":5:{s:50:\\\"\\0Symfony\\\\Component\\\\Mime\\\\Header\\\\AbstractHeader\\0name\\\";s:7:\\\"Subject\\\";s:56:\\\"\\0Symfony\\\\Component\\\\Mime\\\\Header\\\\AbstractHeader\\0lineLength\\\";i:76;s:50:\\\"\\0Symfony\\\\Component\\\\Mime\\\\Header\\\\AbstractHeader\\0lang\\\";N;s:53:\\\"\\0Symfony\\\\Component\\\\Mime\\\\Header\\\\AbstractHeader\\0charset\\\";s:5:\\\"utf-8\\\";s:55:\\\"\\0Symfony\\\\Component\\\\Mime\\\\Header\\\\UnstructuredHeader\\0value\\\";s:27:\\\"Test Email via Mailtrap API\\\";}}}s:49:\\\"\\0Symfony\\\\Component\\\\Mime\\\\Header\\\\Headers\\0lineLength\\\";i:76;}i:1;N;}}s:61:\\\"\\0Symfony\\\\Component\\\\Mailer\\\\Messenger\\\\SendEmailMessage\\0envelope\\\";N;}}', '[]', 'default', '2025-02-25 16:04:44', '2025-02-25 16:04:44', NULL),
(21, 'O:36:\\\"Symfony\\\\Component\\\\Messenger\\\\Envelope\\\":2:{s:44:\\\"\\0Symfony\\\\Component\\\\Messenger\\\\Envelope\\0stamps\\\";a:1:{s:46:\\\"Symfony\\\\Component\\\\Messenger\\\\Stamp\\\\BusNameStamp\\\";a:1:{i:0;O:46:\\\"Symfony\\\\Component\\\\Messenger\\\\Stamp\\\\BusNameStamp\\\":1:{s:55:\\\"\\0Symfony\\\\Component\\\\Messenger\\\\Stamp\\\\BusNameStamp\\0busName\\\";s:21:\\\"messenger.bus.default\\\";}}}s:45:\\\"\\0Symfony\\\\Component\\\\Messenger\\\\Envelope\\0message\\\";O:51:\\\"Symfony\\\\Component\\\\Mailer\\\\Messenger\\\\SendEmailMessage\\\":2:{s:60:\\\"\\0Symfony\\\\Component\\\\Mailer\\\\Messenger\\\\SendEmailMessage\\0message\\\";O:28:\\\"Symfony\\\\Component\\\\Mime\\\\Email\\\":6:{i:0;s:48:\\\"This email was sent via Mailtrap API in Symfony.\\\";i:1;s:5:\\\"utf-8\\\";i:2;s:59:\\\"<p>This email was sent via the Mailtrap API in Symfony.</p>\\\";i:3;s:5:\\\"utf-8\\\";i:4;a:0:{}i:5;a:2:{i:0;O:37:\\\"Symfony\\\\Component\\\\Mime\\\\Header\\\\Headers\\\":2:{s:46:\\\"\\0Symfony\\\\Component\\\\Mime\\\\Header\\\\Headers\\0headers\\\";a:3:{s:4:\\\"from\\\";a:1:{i:0;O:47:\\\"Symfony\\\\Component\\\\Mime\\\\Header\\\\MailboxListHeader\\\":5:{s:50:\\\"\\0Symfony\\\\Component\\\\Mime\\\\Header\\\\AbstractHeader\\0name\\\";s:4:\\\"From\\\";s:56:\\\"\\0Symfony\\\\Component\\\\Mime\\\\Header\\\\AbstractHeader\\0lineLength\\\";i:76;s:50:\\\"\\0Symfony\\\\Component\\\\Mime\\\\Header\\\\AbstractHeader\\0lang\\\";N;s:53:\\\"\\0Symfony\\\\Component\\\\Mime\\\\Header\\\\AbstractHeader\\0charset\\\";s:5:\\\"utf-8\\\";s:58:\\\"\\0Symfony\\\\Component\\\\Mime\\\\Header\\\\MailboxListHeader\\0addresses\\\";a:1:{i:0;O:30:\\\"Symfony\\\\Component\\\\Mime\\\\Address\\\":2:{s:39:\\\"\\0Symfony\\\\Component\\\\Mime\\\\Address\\0address\\\";s:23:\\\"yassinzemzem1@gmail.com\\\";s:36:\\\"\\0Symfony\\\\Component\\\\Mime\\\\Address\\0name\\\";s:0:\\\"\\\";}}}}s:2:\\\"to\\\";a:1:{i:0;O:47:\\\"Symfony\\\\Component\\\\Mime\\\\Header\\\\MailboxListHeader\\\":5:{s:50:\\\"\\0Symfony\\\\Component\\\\Mime\\\\Header\\\\AbstractHeader\\0name\\\";s:2:\\\"To\\\";s:56:\\\"\\0Symfony\\\\Component\\\\Mime\\\\Header\\\\AbstractHeader\\0lineLength\\\";i:76;s:50:\\\"\\0Symfony\\\\Component\\\\Mime\\\\Header\\\\AbstractHeader\\0lang\\\";N;s:53:\\\"\\0Symfony\\\\Component\\\\Mime\\\\Header\\\\AbstractHeader\\0charset\\\";s:5:\\\"utf-8\\\";s:58:\\\"\\0Symfony\\\\Component\\\\Mime\\\\Header\\\\MailboxListHeader\\0addresses\\\";a:1:{i:0;O:30:\\\"Symfony\\\\Component\\\\Mime\\\\Address\\\":2:{s:39:\\\"\\0Symfony\\\\Component\\\\Mime\\\\Address\\0address\\\";s:19:\\\"akoyomi63@gmail.com\\\";s:36:\\\"\\0Symfony\\\\Component\\\\Mime\\\\Address\\0name\\\";s:0:\\\"\\\";}}}}s:7:\\\"subject\\\";a:1:{i:0;O:48:\\\"Symfony\\\\Component\\\\Mime\\\\Header\\\\UnstructuredHeader\\\":5:{s:50:\\\"\\0Symfony\\\\Component\\\\Mime\\\\Header\\\\AbstractHeader\\0name\\\";s:7:\\\"Subject\\\";s:56:\\\"\\0Symfony\\\\Component\\\\Mime\\\\Header\\\\AbstractHeader\\0lineLength\\\";i:76;s:50:\\\"\\0Symfony\\\\Component\\\\Mime\\\\Header\\\\AbstractHeader\\0lang\\\";N;s:53:\\\"\\0Symfony\\\\Component\\\\Mime\\\\Header\\\\AbstractHeader\\0charset\\\";s:5:\\\"utf-8\\\";s:55:\\\"\\0Symfony\\\\Component\\\\Mime\\\\Header\\\\UnstructuredHeader\\0value\\\";s:27:\\\"Test Email via Mailtrap API\\\";}}}s:49:\\\"\\0Symfony\\\\Component\\\\Mime\\\\Header\\\\Headers\\0lineLength\\\";i:76;}i:1;N;}}s:61:\\\"\\0Symfony\\\\Component\\\\Mailer\\\\Messenger\\\\SendEmailMessage\\0envelope\\\";N;}}', '[]', 'default', '2025-02-25 16:49:45', '2025-02-25 16:49:45', NULL),
(22, 'O:36:\\\"Symfony\\\\Component\\\\Messenger\\\\Envelope\\\":2:{s:44:\\\"\\0Symfony\\\\Component\\\\Messenger\\\\Envelope\\0stamps\\\";a:1:{s:46:\\\"Symfony\\\\Component\\\\Messenger\\\\Stamp\\\\BusNameStamp\\\";a:1:{i:0;O:46:\\\"Symfony\\\\Component\\\\Messenger\\\\Stamp\\\\BusNameStamp\\\":1:{s:55:\\\"\\0Symfony\\\\Component\\\\Messenger\\\\Stamp\\\\BusNameStamp\\0busName\\\";s:21:\\\"messenger.bus.default\\\";}}}s:45:\\\"\\0Symfony\\\\Component\\\\Messenger\\\\Envelope\\0message\\\";O:51:\\\"Symfony\\\\Component\\\\Mailer\\\\Messenger\\\\SendEmailMessage\\\":2:{s:60:\\\"\\0Symfony\\\\Component\\\\Mailer\\\\Messenger\\\\SendEmailMessage\\0message\\\";O:28:\\\"Symfony\\\\Component\\\\Mime\\\\Email\\\":6:{i:0;s:48:\\\"This email was sent via Mailtrap API in Symfony.\\\";i:1;s:5:\\\"utf-8\\\";i:2;s:59:\\\"<p>This email was sent via the Mailtrap API in Symfony.</p>\\\";i:3;s:5:\\\"utf-8\\\";i:4;a:0:{}i:5;a:2:{i:0;O:37:\\\"Symfony\\\\Component\\\\Mime\\\\Header\\\\Headers\\\":2:{s:46:\\\"\\0Symfony\\\\Component\\\\Mime\\\\Header\\\\Headers\\0headers\\\";a:3:{s:4:\\\"from\\\";a:1:{i:0;O:47:\\\"Symfony\\\\Component\\\\Mime\\\\Header\\\\MailboxListHeader\\\":5:{s:50:\\\"\\0Symfony\\\\Component\\\\Mime\\\\Header\\\\AbstractHeader\\0name\\\";s:4:\\\"From\\\";s:56:\\\"\\0Symfony\\\\Component\\\\Mime\\\\Header\\\\AbstractHeader\\0lineLength\\\";i:76;s:50:\\\"\\0Symfony\\\\Component\\\\Mime\\\\Header\\\\AbstractHeader\\0lang\\\";N;s:53:\\\"\\0Symfony\\\\Component\\\\Mime\\\\Header\\\\AbstractHeader\\0charset\\\";s:5:\\\"utf-8\\\";s:58:\\\"\\0Symfony\\\\Component\\\\Mime\\\\Header\\\\MailboxListHeader\\0addresses\\\";a:1:{i:0;O:30:\\\"Symfony\\\\Component\\\\Mime\\\\Address\\\":2:{s:39:\\\"\\0Symfony\\\\Component\\\\Mime\\\\Address\\0address\\\";s:23:\\\"yassinzemzem1@gmail.com\\\";s:36:\\\"\\0Symfony\\\\Component\\\\Mime\\\\Address\\0name\\\";s:0:\\\"\\\";}}}}s:2:\\\"to\\\";a:1:{i:0;O:47:\\\"Symfony\\\\Component\\\\Mime\\\\Header\\\\MailboxListHeader\\\":5:{s:50:\\\"\\0Symfony\\\\Component\\\\Mime\\\\Header\\\\AbstractHeader\\0name\\\";s:2:\\\"To\\\";s:56:\\\"\\0Symfony\\\\Component\\\\Mime\\\\Header\\\\AbstractHeader\\0lineLength\\\";i:76;s:50:\\\"\\0Symfony\\\\Component\\\\Mime\\\\Header\\\\AbstractHeader\\0lang\\\";N;s:53:\\\"\\0Symfony\\\\Component\\\\Mime\\\\Header\\\\AbstractHeader\\0charset\\\";s:5:\\\"utf-8\\\";s:58:\\\"\\0Symfony\\\\Component\\\\Mime\\\\Header\\\\MailboxListHeader\\0addresses\\\";a:1:{i:0;O:30:\\\"Symfony\\\\Component\\\\Mime\\\\Address\\\":2:{s:39:\\\"\\0Symfony\\\\Component\\\\Mime\\\\Address\\0address\\\";s:19:\\\"akoyomi63@gmail.com\\\";s:36:\\\"\\0Symfony\\\\Component\\\\Mime\\\\Address\\0name\\\";s:0:\\\"\\\";}}}}s:7:\\\"subject\\\";a:1:{i:0;O:48:\\\"Symfony\\\\Component\\\\Mime\\\\Header\\\\UnstructuredHeader\\\":5:{s:50:\\\"\\0Symfony\\\\Component\\\\Mime\\\\Header\\\\AbstractHeader\\0name\\\";s:7:\\\"Subject\\\";s:56:\\\"\\0Symfony\\\\Component\\\\Mime\\\\Header\\\\AbstractHeader\\0lineLength\\\";i:76;s:50:\\\"\\0Symfony\\\\Component\\\\Mime\\\\Header\\\\AbstractHeader\\0lang\\\";N;s:53:\\\"\\0Symfony\\\\Component\\\\Mime\\\\Header\\\\AbstractHeader\\0charset\\\";s:5:\\\"utf-8\\\";s:55:\\\"\\0Symfony\\\\Component\\\\Mime\\\\Header\\\\UnstructuredHeader\\0value\\\";s:27:\\\"Test Email via Mailtrap API\\\";}}}s:49:\\\"\\0Symfony\\\\Component\\\\Mime\\\\Header\\\\Headers\\0lineLength\\\";i:76;}i:1;N;}}s:61:\\\"\\0Symfony\\\\Component\\\\Mailer\\\\Messenger\\\\SendEmailMessage\\0envelope\\\";N;}}', '[]', 'default', '2025-02-25 16:53:50', '2025-02-25 16:53:50', NULL),
(23, 'O:36:\\\"Symfony\\\\Component\\\\Messenger\\\\Envelope\\\":2:{s:44:\\\"\\0Symfony\\\\Component\\\\Messenger\\\\Envelope\\0stamps\\\";a:1:{s:46:\\\"Symfony\\\\Component\\\\Messenger\\\\Stamp\\\\BusNameStamp\\\";a:1:{i:0;O:46:\\\"Symfony\\\\Component\\\\Messenger\\\\Stamp\\\\BusNameStamp\\\":1:{s:55:\\\"\\0Symfony\\\\Component\\\\Messenger\\\\Stamp\\\\BusNameStamp\\0busName\\\";s:21:\\\"messenger.bus.default\\\";}}}s:45:\\\"\\0Symfony\\\\Component\\\\Messenger\\\\Envelope\\0message\\\";O:51:\\\"Symfony\\\\Component\\\\Mailer\\\\Messenger\\\\SendEmailMessage\\\":2:{s:60:\\\"\\0Symfony\\\\Component\\\\Mailer\\\\Messenger\\\\SendEmailMessage\\0message\\\";O:28:\\\"Symfony\\\\Component\\\\Mime\\\\Email\\\":6:{i:0;s:31:\\\"blood donation request recieved\\\";i:1;s:5:\\\"utf-8\\\";i:2;s:59:\\\"<p>This email was sent via the Mailtrap API in Symfony.</p>\\\";i:3;s:5:\\\"utf-8\\\";i:4;a:0:{}i:5;a:2:{i:0;O:37:\\\"Symfony\\\\Component\\\\Mime\\\\Header\\\\Headers\\\":2:{s:46:\\\"\\0Symfony\\\\Component\\\\Mime\\\\Header\\\\Headers\\0headers\\\";a:3:{s:4:\\\"from\\\";a:1:{i:0;O:47:\\\"Symfony\\\\Component\\\\Mime\\\\Header\\\\MailboxListHeader\\\":5:{s:50:\\\"\\0Symfony\\\\Component\\\\Mime\\\\Header\\\\AbstractHeader\\0name\\\";s:4:\\\"From\\\";s:56:\\\"\\0Symfony\\\\Component\\\\Mime\\\\Header\\\\AbstractHeader\\0lineLength\\\";i:76;s:50:\\\"\\0Symfony\\\\Component\\\\Mime\\\\Header\\\\AbstractHeader\\0lang\\\";N;s:53:\\\"\\0Symfony\\\\Component\\\\Mime\\\\Header\\\\AbstractHeader\\0charset\\\";s:5:\\\"utf-8\\\";s:58:\\\"\\0Symfony\\\\Component\\\\Mime\\\\Header\\\\MailboxListHeader\\0addresses\\\";a:1:{i:0;O:30:\\\"Symfony\\\\Component\\\\Mime\\\\Address\\\":2:{s:39:\\\"\\0Symfony\\\\Component\\\\Mime\\\\Address\\0address\\\";s:23:\\\"yassinzemzem1@gmail.com\\\";s:36:\\\"\\0Symfony\\\\Component\\\\Mime\\\\Address\\0name\\\";s:0:\\\"\\\";}}}}s:2:\\\"to\\\";a:1:{i:0;O:47:\\\"Symfony\\\\Component\\\\Mime\\\\Header\\\\MailboxListHeader\\\":5:{s:50:\\\"\\0Symfony\\\\Component\\\\Mime\\\\Header\\\\AbstractHeader\\0name\\\";s:2:\\\"To\\\";s:56:\\\"\\0Symfony\\\\Component\\\\Mime\\\\Header\\\\AbstractHeader\\0lineLength\\\";i:76;s:50:\\\"\\0Symfony\\\\Component\\\\Mime\\\\Header\\\\AbstractHeader\\0lang\\\";N;s:53:\\\"\\0Symfony\\\\Component\\\\Mime\\\\Header\\\\AbstractHeader\\0charset\\\";s:5:\\\"utf-8\\\";s:58:\\\"\\0Symfony\\\\Component\\\\Mime\\\\Header\\\\MailboxListHeader\\0addresses\\\";a:1:{i:0;O:30:\\\"Symfony\\\\Component\\\\Mime\\\\Address\\\":2:{s:39:\\\"\\0Symfony\\\\Component\\\\Mime\\\\Address\\0address\\\";s:19:\\\"akoyomi63@gmail.com\\\";s:36:\\\"\\0Symfony\\\\Component\\\\Mime\\\\Address\\0name\\\";s:0:\\\"\\\";}}}}s:7:\\\"subject\\\";a:1:{i:0;O:48:\\\"Symfony\\\\Component\\\\Mime\\\\Header\\\\UnstructuredHeader\\\":5:{s:50:\\\"\\0Symfony\\\\Component\\\\Mime\\\\Header\\\\AbstractHeader\\0name\\\";s:7:\\\"Subject\\\";s:56:\\\"\\0Symfony\\\\Component\\\\Mime\\\\Header\\\\AbstractHeader\\0lineLength\\\";i:76;s:50:\\\"\\0Symfony\\\\Component\\\\Mime\\\\Header\\\\AbstractHeader\\0lang\\\";N;s:53:\\\"\\0Symfony\\\\Component\\\\Mime\\\\Header\\\\AbstractHeader\\0charset\\\";s:5:\\\"utf-8\\\";s:55:\\\"\\0Symfony\\\\Component\\\\Mime\\\\Header\\\\UnstructuredHeader\\0value\\\";s:27:\\\"Test Email via Mailtrap API\\\";}}}s:49:\\\"\\0Symfony\\\\Component\\\\Mime\\\\Header\\\\Headers\\0lineLength\\\";i:76;}i:1;N;}}s:61:\\\"\\0Symfony\\\\Component\\\\Mailer\\\\Messenger\\\\SendEmailMessage\\0envelope\\\";N;}}', '[]', 'default', '2025-02-25 16:58:35', '2025-02-25 16:58:35', NULL),
(24, 'O:36:\\\"Symfony\\\\Component\\\\Messenger\\\\Envelope\\\":2:{s:44:\\\"\\0Symfony\\\\Component\\\\Messenger\\\\Envelope\\0stamps\\\";a:1:{s:46:\\\"Symfony\\\\Component\\\\Messenger\\\\Stamp\\\\BusNameStamp\\\";a:1:{i:0;O:46:\\\"Symfony\\\\Component\\\\Messenger\\\\Stamp\\\\BusNameStamp\\\":1:{s:55:\\\"\\0Symfony\\\\Component\\\\Messenger\\\\Stamp\\\\BusNameStamp\\0busName\\\";s:21:\\\"messenger.bus.default\\\";}}}s:45:\\\"\\0Symfony\\\\Component\\\\Messenger\\\\Envelope\\0message\\\";O:51:\\\"Symfony\\\\Component\\\\Mailer\\\\Messenger\\\\SendEmailMessage\\\":2:{s:60:\\\"\\0Symfony\\\\Component\\\\Mailer\\\\Messenger\\\\SendEmailMessage\\0message\\\";O:28:\\\"Symfony\\\\Component\\\\Mime\\\\Email\\\":6:{i:0;s:28:\\\"Sending emails is fun again!\\\";i:1;s:5:\\\"utf-8\\\";i:2;s:56:\\\"<p>See Twig integration for better HTML integration!</p>\\\";i:3;s:5:\\\"utf-8\\\";i:4;a:0:{}i:5;a:2:{i:0;O:37:\\\"Symfony\\\\Component\\\\Mime\\\\Header\\\\Headers\\\":2:{s:46:\\\"\\0Symfony\\\\Component\\\\Mime\\\\Header\\\\Headers\\0headers\\\";a:3:{s:4:\\\"from\\\";a:1:{i:0;O:47:\\\"Symfony\\\\Component\\\\Mime\\\\Header\\\\MailboxListHeader\\\":5:{s:50:\\\"\\0Symfony\\\\Component\\\\Mime\\\\Header\\\\AbstractHeader\\0name\\\";s:4:\\\"From\\\";s:56:\\\"\\0Symfony\\\\Component\\\\Mime\\\\Header\\\\AbstractHeader\\0lineLength\\\";i:76;s:50:\\\"\\0Symfony\\\\Component\\\\Mime\\\\Header\\\\AbstractHeader\\0lang\\\";N;s:53:\\\"\\0Symfony\\\\Component\\\\Mime\\\\Header\\\\AbstractHeader\\0charset\\\";s:5:\\\"utf-8\\\";s:58:\\\"\\0Symfony\\\\Component\\\\Mime\\\\Header\\\\MailboxListHeader\\0addresses\\\";a:1:{i:0;O:30:\\\"Symfony\\\\Component\\\\Mime\\\\Address\\\":2:{s:39:\\\"\\0Symfony\\\\Component\\\\Mime\\\\Address\\0address\\\";s:23:\\\"yassinzemzem1@gmail.com\\\";s:36:\\\"\\0Symfony\\\\Component\\\\Mime\\\\Address\\0name\\\";s:0:\\\"\\\";}}}}s:2:\\\"to\\\";a:1:{i:0;O:47:\\\"Symfony\\\\Component\\\\Mime\\\\Header\\\\MailboxListHeader\\\":5:{s:50:\\\"\\0Symfony\\\\Component\\\\Mime\\\\Header\\\\AbstractHeader\\0name\\\";s:2:\\\"To\\\";s:56:\\\"\\0Symfony\\\\Component\\\\Mime\\\\Header\\\\AbstractHeader\\0lineLength\\\";i:76;s:50:\\\"\\0Symfony\\\\Component\\\\Mime\\\\Header\\\\AbstractHeader\\0lang\\\";N;s:53:\\\"\\0Symfony\\\\Component\\\\Mime\\\\Header\\\\AbstractHeader\\0charset\\\";s:5:\\\"utf-8\\\";s:58:\\\"\\0Symfony\\\\Component\\\\Mime\\\\Header\\\\MailboxListHeader\\0addresses\\\";a:1:{i:0;O:30:\\\"Symfony\\\\Component\\\\Mime\\\\Address\\\":2:{s:39:\\\"\\0Symfony\\\\Component\\\\Mime\\\\Address\\0address\\\";s:19:\\\"akoyomi63@gmail.com\\\";s:36:\\\"\\0Symfony\\\\Component\\\\Mime\\\\Address\\0name\\\";s:0:\\\"\\\";}}}}s:7:\\\"subject\\\";a:1:{i:0;O:48:\\\"Symfony\\\\Component\\\\Mime\\\\Header\\\\UnstructuredHeader\\\":5:{s:50:\\\"\\0Symfony\\\\Component\\\\Mime\\\\Header\\\\AbstractHeader\\0name\\\";s:7:\\\"Subject\\\";s:56:\\\"\\0Symfony\\\\Component\\\\Mime\\\\Header\\\\AbstractHeader\\0lineLength\\\";i:76;s:50:\\\"\\0Symfony\\\\Component\\\\Mime\\\\Header\\\\AbstractHeader\\0lang\\\";N;s:53:\\\"\\0Symfony\\\\Component\\\\Mime\\\\Header\\\\AbstractHeader\\0charset\\\";s:5:\\\"utf-8\\\";s:55:\\\"\\0Symfony\\\\Component\\\\Mime\\\\Header\\\\UnstructuredHeader\\0value\\\";s:24:\\\"Time for Symfony Mailer!\\\";}}}s:49:\\\"\\0Symfony\\\\Component\\\\Mime\\\\Header\\\\Headers\\0lineLength\\\";i:76;}i:1;N;}}s:61:\\\"\\0Symfony\\\\Component\\\\Mailer\\\\Messenger\\\\SendEmailMessage\\0envelope\\\";N;}}', '[]', 'default', '2025-02-25 17:36:04', '2025-02-25 17:36:04', NULL),
(25, 'O:36:\\\"Symfony\\\\Component\\\\Messenger\\\\Envelope\\\":2:{s:44:\\\"\\0Symfony\\\\Component\\\\Messenger\\\\Envelope\\0stamps\\\";a:1:{s:46:\\\"Symfony\\\\Component\\\\Messenger\\\\Stamp\\\\BusNameStamp\\\";a:1:{i:0;O:46:\\\"Symfony\\\\Component\\\\Messenger\\\\Stamp\\\\BusNameStamp\\\":1:{s:55:\\\"\\0Symfony\\\\Component\\\\Messenger\\\\Stamp\\\\BusNameStamp\\0busName\\\";s:21:\\\"messenger.bus.default\\\";}}}s:45:\\\"\\0Symfony\\\\Component\\\\Messenger\\\\Envelope\\0message\\\";O:51:\\\"Symfony\\\\Component\\\\Mailer\\\\Messenger\\\\SendEmailMessage\\\":2:{s:60:\\\"\\0Symfony\\\\Component\\\\Mailer\\\\Messenger\\\\SendEmailMessage\\0message\\\";O:28:\\\"Symfony\\\\Component\\\\Mime\\\\Email\\\":6:{i:0;s:28:\\\"Sending emails is fun again!\\\";i:1;s:5:\\\"utf-8\\\";i:2;s:56:\\\"<p>See Twig integration for better HTML integration!</p>\\\";i:3;s:5:\\\"utf-8\\\";i:4;a:0:{}i:5;a:2:{i:0;O:37:\\\"Symfony\\\\Component\\\\Mime\\\\Header\\\\Headers\\\":2:{s:46:\\\"\\0Symfony\\\\Component\\\\Mime\\\\Header\\\\Headers\\0headers\\\";a:3:{s:4:\\\"from\\\";a:1:{i:0;O:47:\\\"Symfony\\\\Component\\\\Mime\\\\Header\\\\MailboxListHeader\\\":5:{s:50:\\\"\\0Symfony\\\\Component\\\\Mime\\\\Header\\\\AbstractHeader\\0name\\\";s:4:\\\"From\\\";s:56:\\\"\\0Symfony\\\\Component\\\\Mime\\\\Header\\\\AbstractHeader\\0lineLength\\\";i:76;s:50:\\\"\\0Symfony\\\\Component\\\\Mime\\\\Header\\\\AbstractHeader\\0lang\\\";N;s:53:\\\"\\0Symfony\\\\Component\\\\Mime\\\\Header\\\\AbstractHeader\\0charset\\\";s:5:\\\"utf-8\\\";s:58:\\\"\\0Symfony\\\\Component\\\\Mime\\\\Header\\\\MailboxListHeader\\0addresses\\\";a:1:{i:0;O:30:\\\"Symfony\\\\Component\\\\Mime\\\\Address\\\":2:{s:39:\\\"\\0Symfony\\\\Component\\\\Mime\\\\Address\\0address\\\";s:23:\\\"yassinzemzem1@gmail.com\\\";s:36:\\\"\\0Symfony\\\\Component\\\\Mime\\\\Address\\0name\\\";s:0:\\\"\\\";}}}}s:2:\\\"to\\\";a:1:{i:0;O:47:\\\"Symfony\\\\Component\\\\Mime\\\\Header\\\\MailboxListHeader\\\":5:{s:50:\\\"\\0Symfony\\\\Component\\\\Mime\\\\Header\\\\AbstractHeader\\0name\\\";s:2:\\\"To\\\";s:56:\\\"\\0Symfony\\\\Component\\\\Mime\\\\Header\\\\AbstractHeader\\0lineLength\\\";i:76;s:50:\\\"\\0Symfony\\\\Component\\\\Mime\\\\Header\\\\AbstractHeader\\0lang\\\";N;s:53:\\\"\\0Symfony\\\\Component\\\\Mime\\\\Header\\\\AbstractHeader\\0charset\\\";s:5:\\\"utf-8\\\";s:58:\\\"\\0Symfony\\\\Component\\\\Mime\\\\Header\\\\MailboxListHeader\\0addresses\\\";a:1:{i:0;O:30:\\\"Symfony\\\\Component\\\\Mime\\\\Address\\\":2:{s:39:\\\"\\0Symfony\\\\Component\\\\Mime\\\\Address\\0address\\\";s:19:\\\"akoyomi63@gmail.com\\\";s:36:\\\"\\0Symfony\\\\Component\\\\Mime\\\\Address\\0name\\\";s:0:\\\"\\\";}}}}s:7:\\\"subject\\\";a:1:{i:0;O:48:\\\"Symfony\\\\Component\\\\Mime\\\\Header\\\\UnstructuredHeader\\\":5:{s:50:\\\"\\0Symfony\\\\Component\\\\Mime\\\\Header\\\\AbstractHeader\\0name\\\";s:7:\\\"Subject\\\";s:56:\\\"\\0Symfony\\\\Component\\\\Mime\\\\Header\\\\AbstractHeader\\0lineLength\\\";i:76;s:50:\\\"\\0Symfony\\\\Component\\\\Mime\\\\Header\\\\AbstractHeader\\0lang\\\";N;s:53:\\\"\\0Symfony\\\\Component\\\\Mime\\\\Header\\\\AbstractHeader\\0charset\\\";s:5:\\\"utf-8\\\";s:55:\\\"\\0Symfony\\\\Component\\\\Mime\\\\Header\\\\UnstructuredHeader\\0value\\\";s:24:\\\"Time for Symfony Mailer!\\\";}}}s:49:\\\"\\0Symfony\\\\Component\\\\Mime\\\\Header\\\\Headers\\0lineLength\\\";i:76;}i:1;N;}}s:61:\\\"\\0Symfony\\\\Component\\\\Mailer\\\\Messenger\\\\SendEmailMessage\\0envelope\\\";N;}}', '[]', 'default', '2025-02-25 17:53:48', '2025-02-25 17:53:48', NULL),
(26, 'O:36:\\\"Symfony\\\\Component\\\\Messenger\\\\Envelope\\\":2:{s:44:\\\"\\0Symfony\\\\Component\\\\Messenger\\\\Envelope\\0stamps\\\";a:1:{s:46:\\\"Symfony\\\\Component\\\\Messenger\\\\Stamp\\\\BusNameStamp\\\";a:1:{i:0;O:46:\\\"Symfony\\\\Component\\\\Messenger\\\\Stamp\\\\BusNameStamp\\\":1:{s:55:\\\"\\0Symfony\\\\Component\\\\Messenger\\\\Stamp\\\\BusNameStamp\\0busName\\\";s:21:\\\"messenger.bus.default\\\";}}}s:45:\\\"\\0Symfony\\\\Component\\\\Messenger\\\\Envelope\\0message\\\";O:51:\\\"Symfony\\\\Component\\\\Mailer\\\\Messenger\\\\SendEmailMessage\\\":2:{s:60:\\\"\\0Symfony\\\\Component\\\\Mailer\\\\Messenger\\\\SendEmailMessage\\0message\\\";O:28:\\\"Symfony\\\\Component\\\\Mime\\\\Email\\\":6:{i:0;s:28:\\\"Sending emails is fun again!\\\";i:1;s:5:\\\"utf-8\\\";i:2;s:56:\\\"<p>See Twig integration for better HTML integration!</p>\\\";i:3;s:5:\\\"utf-8\\\";i:4;a:0:{}i:5;a:2:{i:0;O:37:\\\"Symfony\\\\Component\\\\Mime\\\\Header\\\\Headers\\\":2:{s:46:\\\"\\0Symfony\\\\Component\\\\Mime\\\\Header\\\\Headers\\0headers\\\";a:3:{s:4:\\\"from\\\";a:1:{i:0;O:47:\\\"Symfony\\\\Component\\\\Mime\\\\Header\\\\MailboxListHeader\\\":5:{s:50:\\\"\\0Symfony\\\\Component\\\\Mime\\\\Header\\\\AbstractHeader\\0name\\\";s:4:\\\"From\\\";s:56:\\\"\\0Symfony\\\\Component\\\\Mime\\\\Header\\\\AbstractHeader\\0lineLength\\\";i:76;s:50:\\\"\\0Symfony\\\\Component\\\\Mime\\\\Header\\\\AbstractHeader\\0lang\\\";N;s:53:\\\"\\0Symfony\\\\Component\\\\Mime\\\\Header\\\\AbstractHeader\\0charset\\\";s:5:\\\"utf-8\\\";s:58:\\\"\\0Symfony\\\\Component\\\\Mime\\\\Header\\\\MailboxListHeader\\0addresses\\\";a:1:{i:0;O:30:\\\"Symfony\\\\Component\\\\Mime\\\\Address\\\":2:{s:39:\\\"\\0Symfony\\\\Component\\\\Mime\\\\Address\\0address\\\";s:23:\\\"yassinzemzem1@gmail.com\\\";s:36:\\\"\\0Symfony\\\\Component\\\\Mime\\\\Address\\0name\\\";s:0:\\\"\\\";}}}}s:2:\\\"to\\\";a:1:{i:0;O:47:\\\"Symfony\\\\Component\\\\Mime\\\\Header\\\\MailboxListHeader\\\":5:{s:50:\\\"\\0Symfony\\\\Component\\\\Mime\\\\Header\\\\AbstractHeader\\0name\\\";s:2:\\\"To\\\";s:56:\\\"\\0Symfony\\\\Component\\\\Mime\\\\Header\\\\AbstractHeader\\0lineLength\\\";i:76;s:50:\\\"\\0Symfony\\\\Component\\\\Mime\\\\Header\\\\AbstractHeader\\0lang\\\";N;s:53:\\\"\\0Symfony\\\\Component\\\\Mime\\\\Header\\\\AbstractHeader\\0charset\\\";s:5:\\\"utf-8\\\";s:58:\\\"\\0Symfony\\\\Component\\\\Mime\\\\Header\\\\MailboxListHeader\\0addresses\\\";a:1:{i:0;O:30:\\\"Symfony\\\\Component\\\\Mime\\\\Address\\\":2:{s:39:\\\"\\0Symfony\\\\Component\\\\Mime\\\\Address\\0address\\\";s:19:\\\"akoyomi63@gmail.com\\\";s:36:\\\"\\0Symfony\\\\Component\\\\Mime\\\\Address\\0name\\\";s:0:\\\"\\\";}}}}s:7:\\\"subject\\\";a:1:{i:0;O:48:\\\"Symfony\\\\Component\\\\Mime\\\\Header\\\\UnstructuredHeader\\\":5:{s:50:\\\"\\0Symfony\\\\Component\\\\Mime\\\\Header\\\\AbstractHeader\\0name\\\";s:7:\\\"Subject\\\";s:56:\\\"\\0Symfony\\\\Component\\\\Mime\\\\Header\\\\AbstractHeader\\0lineLength\\\";i:76;s:50:\\\"\\0Symfony\\\\Component\\\\Mime\\\\Header\\\\AbstractHeader\\0lang\\\";N;s:53:\\\"\\0Symfony\\\\Component\\\\Mime\\\\Header\\\\AbstractHeader\\0charset\\\";s:5:\\\"utf-8\\\";s:55:\\\"\\0Symfony\\\\Component\\\\Mime\\\\Header\\\\UnstructuredHeader\\0value\\\";s:24:\\\"Time for Symfony Mailer!\\\";}}}s:49:\\\"\\0Symfony\\\\Component\\\\Mime\\\\Header\\\\Headers\\0lineLength\\\";i:76;}i:1;N;}}s:61:\\\"\\0Symfony\\\\Component\\\\Mailer\\\\Messenger\\\\SendEmailMessage\\0envelope\\\";N;}}', '[]', 'default', '2025-02-25 17:54:04', '2025-02-25 17:54:04', NULL),
(27, 'O:36:\\\"Symfony\\\\Component\\\\Messenger\\\\Envelope\\\":2:{s:44:\\\"\\0Symfony\\\\Component\\\\Messenger\\\\Envelope\\0stamps\\\";a:1:{s:46:\\\"Symfony\\\\Component\\\\Messenger\\\\Stamp\\\\BusNameStamp\\\";a:1:{i:0;O:46:\\\"Symfony\\\\Component\\\\Messenger\\\\Stamp\\\\BusNameStamp\\\":1:{s:55:\\\"\\0Symfony\\\\Component\\\\Messenger\\\\Stamp\\\\BusNameStamp\\0busName\\\";s:21:\\\"messenger.bus.default\\\";}}}s:45:\\\"\\0Symfony\\\\Component\\\\Messenger\\\\Envelope\\0message\\\";O:51:\\\"Symfony\\\\Component\\\\Mailer\\\\Messenger\\\\SendEmailMessage\\\":2:{s:60:\\\"\\0Symfony\\\\Component\\\\Mailer\\\\Messenger\\\\SendEmailMessage\\0message\\\";O:28:\\\"Symfony\\\\Component\\\\Mime\\\\Email\\\":6:{i:0;s:28:\\\"Sending emails is fun again!\\\";i:1;s:5:\\\"utf-8\\\";i:2;s:56:\\\"<p>See Twig integration for better HTML integration!</p>\\\";i:3;s:5:\\\"utf-8\\\";i:4;a:0:{}i:5;a:2:{i:0;O:37:\\\"Symfony\\\\Component\\\\Mime\\\\Header\\\\Headers\\\":2:{s:46:\\\"\\0Symfony\\\\Component\\\\Mime\\\\Header\\\\Headers\\0headers\\\";a:3:{s:4:\\\"from\\\";a:1:{i:0;O:47:\\\"Symfony\\\\Component\\\\Mime\\\\Header\\\\MailboxListHeader\\\":5:{s:50:\\\"\\0Symfony\\\\Component\\\\Mime\\\\Header\\\\AbstractHeader\\0name\\\";s:4:\\\"From\\\";s:56:\\\"\\0Symfony\\\\Component\\\\Mime\\\\Header\\\\AbstractHeader\\0lineLength\\\";i:76;s:50:\\\"\\0Symfony\\\\Component\\\\Mime\\\\Header\\\\AbstractHeader\\0lang\\\";N;s:53:\\\"\\0Symfony\\\\Component\\\\Mime\\\\Header\\\\AbstractHeader\\0charset\\\";s:5:\\\"utf-8\\\";s:58:\\\"\\0Symfony\\\\Component\\\\Mime\\\\Header\\\\MailboxListHeader\\0addresses\\\";a:1:{i:0;O:30:\\\"Symfony\\\\Component\\\\Mime\\\\Address\\\":2:{s:39:\\\"\\0Symfony\\\\Component\\\\Mime\\\\Address\\0address\\\";s:23:\\\"yassinzemzem1@gmail.com\\\";s:36:\\\"\\0Symfony\\\\Component\\\\Mime\\\\Address\\0name\\\";s:0:\\\"\\\";}}}}s:2:\\\"to\\\";a:1:{i:0;O:47:\\\"Symfony\\\\Component\\\\Mime\\\\Header\\\\MailboxListHeader\\\":5:{s:50:\\\"\\0Symfony\\\\Component\\\\Mime\\\\Header\\\\AbstractHeader\\0name\\\";s:2:\\\"To\\\";s:56:\\\"\\0Symfony\\\\Component\\\\Mime\\\\Header\\\\AbstractHeader\\0lineLength\\\";i:76;s:50:\\\"\\0Symfony\\\\Component\\\\Mime\\\\Header\\\\AbstractHeader\\0lang\\\";N;s:53:\\\"\\0Symfony\\\\Component\\\\Mime\\\\Header\\\\AbstractHeader\\0charset\\\";s:5:\\\"utf-8\\\";s:58:\\\"\\0Symfony\\\\Component\\\\Mime\\\\Header\\\\MailboxListHeader\\0addresses\\\";a:1:{i:0;O:30:\\\"Symfony\\\\Component\\\\Mime\\\\Address\\\":2:{s:39:\\\"\\0Symfony\\\\Component\\\\Mime\\\\Address\\0address\\\";s:19:\\\"akoyomi63@gmail.com\\\";s:36:\\\"\\0Symfony\\\\Component\\\\Mime\\\\Address\\0name\\\";s:0:\\\"\\\";}}}}s:7:\\\"subject\\\";a:1:{i:0;O:48:\\\"Symfony\\\\Component\\\\Mime\\\\Header\\\\UnstructuredHeader\\\":5:{s:50:\\\"\\0Symfony\\\\Component\\\\Mime\\\\Header\\\\AbstractHeader\\0name\\\";s:7:\\\"Subject\\\";s:56:\\\"\\0Symfony\\\\Component\\\\Mime\\\\Header\\\\AbstractHeader\\0lineLength\\\";i:76;s:50:\\\"\\0Symfony\\\\Component\\\\Mime\\\\Header\\\\AbstractHeader\\0lang\\\";N;s:53:\\\"\\0Symfony\\\\Component\\\\Mime\\\\Header\\\\AbstractHeader\\0charset\\\";s:5:\\\"utf-8\\\";s:55:\\\"\\0Symfony\\\\Component\\\\Mime\\\\Header\\\\UnstructuredHeader\\0value\\\";s:24:\\\"Time for Symfony Mailer!\\\";}}}s:49:\\\"\\0Symfony\\\\Component\\\\Mime\\\\Header\\\\Headers\\0lineLength\\\";i:76;}i:1;N;}}s:61:\\\"\\0Symfony\\\\Component\\\\Mailer\\\\Messenger\\\\SendEmailMessage\\0envelope\\\";N;}}', '[]', 'default', '2025-02-25 17:54:19', '2025-02-25 17:54:19', NULL),
(28, 'O:36:\\\"Symfony\\\\Component\\\\Messenger\\\\Envelope\\\":2:{s:44:\\\"\\0Symfony\\\\Component\\\\Messenger\\\\Envelope\\0stamps\\\";a:1:{s:46:\\\"Symfony\\\\Component\\\\Messenger\\\\Stamp\\\\BusNameStamp\\\";a:1:{i:0;O:46:\\\"Symfony\\\\Component\\\\Messenger\\\\Stamp\\\\BusNameStamp\\\":1:{s:55:\\\"\\0Symfony\\\\Component\\\\Messenger\\\\Stamp\\\\BusNameStamp\\0busName\\\";s:21:\\\"messenger.bus.default\\\";}}}s:45:\\\"\\0Symfony\\\\Component\\\\Messenger\\\\Envelope\\0message\\\";O:51:\\\"Symfony\\\\Component\\\\Mailer\\\\Messenger\\\\SendEmailMessage\\\":2:{s:60:\\\"\\0Symfony\\\\Component\\\\Mailer\\\\Messenger\\\\SendEmailMessage\\0message\\\";O:28:\\\"Symfony\\\\Component\\\\Mime\\\\Email\\\":6:{i:0;s:28:\\\"Sending emails is fun again!\\\";i:1;s:5:\\\"utf-8\\\";i:2;s:56:\\\"<p>See Twig integration for better HTML integration!</p>\\\";i:3;s:5:\\\"utf-8\\\";i:4;a:0:{}i:5;a:2:{i:0;O:37:\\\"Symfony\\\\Component\\\\Mime\\\\Header\\\\Headers\\\":2:{s:46:\\\"\\0Symfony\\\\Component\\\\Mime\\\\Header\\\\Headers\\0headers\\\";a:3:{s:4:\\\"from\\\";a:1:{i:0;O:47:\\\"Symfony\\\\Component\\\\Mime\\\\Header\\\\MailboxListHeader\\\":5:{s:50:\\\"\\0Symfony\\\\Component\\\\Mime\\\\Header\\\\AbstractHeader\\0name\\\";s:4:\\\"From\\\";s:56:\\\"\\0Symfony\\\\Component\\\\Mime\\\\Header\\\\AbstractHeader\\0lineLength\\\";i:76;s:50:\\\"\\0Symfony\\\\Component\\\\Mime\\\\Header\\\\AbstractHeader\\0lang\\\";N;s:53:\\\"\\0Symfony\\\\Component\\\\Mime\\\\Header\\\\AbstractHeader\\0charset\\\";s:5:\\\"utf-8\\\";s:58:\\\"\\0Symfony\\\\Component\\\\Mime\\\\Header\\\\MailboxListHeader\\0addresses\\\";a:1:{i:0;O:30:\\\"Symfony\\\\Component\\\\Mime\\\\Address\\\":2:{s:39:\\\"\\0Symfony\\\\Component\\\\Mime\\\\Address\\0address\\\";s:23:\\\"yassinzemzem1@gmail.com\\\";s:36:\\\"\\0Symfony\\\\Component\\\\Mime\\\\Address\\0name\\\";s:0:\\\"\\\";}}}}s:2:\\\"to\\\";a:1:{i:0;O:47:\\\"Symfony\\\\Component\\\\Mime\\\\Header\\\\MailboxListHeader\\\":5:{s:50:\\\"\\0Symfony\\\\Component\\\\Mime\\\\Header\\\\AbstractHeader\\0name\\\";s:2:\\\"To\\\";s:56:\\\"\\0Symfony\\\\Component\\\\Mime\\\\Header\\\\AbstractHeader\\0lineLength\\\";i:76;s:50:\\\"\\0Symfony\\\\Component\\\\Mime\\\\Header\\\\AbstractHeader\\0lang\\\";N;s:53:\\\"\\0Symfony\\\\Component\\\\Mime\\\\Header\\\\AbstractHeader\\0charset\\\";s:5:\\\"utf-8\\\";s:58:\\\"\\0Symfony\\\\Component\\\\Mime\\\\Header\\\\MailboxListHeader\\0addresses\\\";a:1:{i:0;O:30:\\\"Symfony\\\\Component\\\\Mime\\\\Address\\\":2:{s:39:\\\"\\0Symfony\\\\Component\\\\Mime\\\\Address\\0address\\\";s:19:\\\"akoyomi63@gmail.com\\\";s:36:\\\"\\0Symfony\\\\Component\\\\Mime\\\\Address\\0name\\\";s:0:\\\"\\\";}}}}s:7:\\\"subject\\\";a:1:{i:0;O:48:\\\"Symfony\\\\Component\\\\Mime\\\\Header\\\\UnstructuredHeader\\\":5:{s:50:\\\"\\0Symfony\\\\Component\\\\Mime\\\\Header\\\\AbstractHeader\\0name\\\";s:7:\\\"Subject\\\";s:56:\\\"\\0Symfony\\\\Component\\\\Mime\\\\Header\\\\AbstractHeader\\0lineLength\\\";i:76;s:50:\\\"\\0Symfony\\\\Component\\\\Mime\\\\Header\\\\AbstractHeader\\0lang\\\";N;s:53:\\\"\\0Symfony\\\\Component\\\\Mime\\\\Header\\\\AbstractHeader\\0charset\\\";s:5:\\\"utf-8\\\";s:55:\\\"\\0Symfony\\\\Component\\\\Mime\\\\Header\\\\UnstructuredHeader\\0value\\\";s:24:\\\"Time for Symfony Mailer!\\\";}}}s:49:\\\"\\0Symfony\\\\Component\\\\Mime\\\\Header\\\\Headers\\0lineLength\\\";i:76;}i:1;N;}}s:61:\\\"\\0Symfony\\\\Component\\\\Mailer\\\\Messenger\\\\SendEmailMessage\\0envelope\\\";N;}}', '[]', 'default', '2025-02-25 17:54:34', '2025-02-25 17:54:34', NULL);
INSERT INTO `messenger_messages` (`id`, `body`, `headers`, `queue_name`, `created_at`, `available_at`, `delivered_at`) VALUES
(29, 'O:36:\\\"Symfony\\\\Component\\\\Messenger\\\\Envelope\\\":2:{s:44:\\\"\\0Symfony\\\\Component\\\\Messenger\\\\Envelope\\0stamps\\\";a:1:{s:46:\\\"Symfony\\\\Component\\\\Messenger\\\\Stamp\\\\BusNameStamp\\\";a:1:{i:0;O:46:\\\"Symfony\\\\Component\\\\Messenger\\\\Stamp\\\\BusNameStamp\\\":1:{s:55:\\\"\\0Symfony\\\\Component\\\\Messenger\\\\Stamp\\\\BusNameStamp\\0busName\\\";s:21:\\\"messenger.bus.default\\\";}}}s:45:\\\"\\0Symfony\\\\Component\\\\Messenger\\\\Envelope\\0message\\\";O:51:\\\"Symfony\\\\Component\\\\Mailer\\\\Messenger\\\\SendEmailMessage\\\":2:{s:60:\\\"\\0Symfony\\\\Component\\\\Mailer\\\\Messenger\\\\SendEmailMessage\\0message\\\";O:28:\\\"Symfony\\\\Component\\\\Mime\\\\Email\\\":6:{i:0;s:28:\\\"Sending emails is fun again!\\\";i:1;s:5:\\\"utf-8\\\";i:2;s:56:\\\"<p>See Twig integration for better HTML integration!</p>\\\";i:3;s:5:\\\"utf-8\\\";i:4;a:0:{}i:5;a:2:{i:0;O:37:\\\"Symfony\\\\Component\\\\Mime\\\\Header\\\\Headers\\\":2:{s:46:\\\"\\0Symfony\\\\Component\\\\Mime\\\\Header\\\\Headers\\0headers\\\";a:3:{s:4:\\\"from\\\";a:1:{i:0;O:47:\\\"Symfony\\\\Component\\\\Mime\\\\Header\\\\MailboxListHeader\\\":5:{s:50:\\\"\\0Symfony\\\\Component\\\\Mime\\\\Header\\\\AbstractHeader\\0name\\\";s:4:\\\"From\\\";s:56:\\\"\\0Symfony\\\\Component\\\\Mime\\\\Header\\\\AbstractHeader\\0lineLength\\\";i:76;s:50:\\\"\\0Symfony\\\\Component\\\\Mime\\\\Header\\\\AbstractHeader\\0lang\\\";N;s:53:\\\"\\0Symfony\\\\Component\\\\Mime\\\\Header\\\\AbstractHeader\\0charset\\\";s:5:\\\"utf-8\\\";s:58:\\\"\\0Symfony\\\\Component\\\\Mime\\\\Header\\\\MailboxListHeader\\0addresses\\\";a:1:{i:0;O:30:\\\"Symfony\\\\Component\\\\Mime\\\\Address\\\":2:{s:39:\\\"\\0Symfony\\\\Component\\\\Mime\\\\Address\\0address\\\";s:23:\\\"yassinzemzem1@gmail.com\\\";s:36:\\\"\\0Symfony\\\\Component\\\\Mime\\\\Address\\0name\\\";s:0:\\\"\\\";}}}}s:2:\\\"to\\\";a:1:{i:0;O:47:\\\"Symfony\\\\Component\\\\Mime\\\\Header\\\\MailboxListHeader\\\":5:{s:50:\\\"\\0Symfony\\\\Component\\\\Mime\\\\Header\\\\AbstractHeader\\0name\\\";s:2:\\\"To\\\";s:56:\\\"\\0Symfony\\\\Component\\\\Mime\\\\Header\\\\AbstractHeader\\0lineLength\\\";i:76;s:50:\\\"\\0Symfony\\\\Component\\\\Mime\\\\Header\\\\AbstractHeader\\0lang\\\";N;s:53:\\\"\\0Symfony\\\\Component\\\\Mime\\\\Header\\\\AbstractHeader\\0charset\\\";s:5:\\\"utf-8\\\";s:58:\\\"\\0Symfony\\\\Component\\\\Mime\\\\Header\\\\MailboxListHeader\\0addresses\\\";a:1:{i:0;O:30:\\\"Symfony\\\\Component\\\\Mime\\\\Address\\\":2:{s:39:\\\"\\0Symfony\\\\Component\\\\Mime\\\\Address\\0address\\\";s:19:\\\"akoyomi63@gmail.com\\\";s:36:\\\"\\0Symfony\\\\Component\\\\Mime\\\\Address\\0name\\\";s:0:\\\"\\\";}}}}s:7:\\\"subject\\\";a:1:{i:0;O:48:\\\"Symfony\\\\Component\\\\Mime\\\\Header\\\\UnstructuredHeader\\\":5:{s:50:\\\"\\0Symfony\\\\Component\\\\Mime\\\\Header\\\\AbstractHeader\\0name\\\";s:7:\\\"Subject\\\";s:56:\\\"\\0Symfony\\\\Component\\\\Mime\\\\Header\\\\AbstractHeader\\0lineLength\\\";i:76;s:50:\\\"\\0Symfony\\\\Component\\\\Mime\\\\Header\\\\AbstractHeader\\0lang\\\";N;s:53:\\\"\\0Symfony\\\\Component\\\\Mime\\\\Header\\\\AbstractHeader\\0charset\\\";s:5:\\\"utf-8\\\";s:55:\\\"\\0Symfony\\\\Component\\\\Mime\\\\Header\\\\UnstructuredHeader\\0value\\\";s:24:\\\"Time for Symfony Mailer!\\\";}}}s:49:\\\"\\0Symfony\\\\Component\\\\Mime\\\\Header\\\\Headers\\0lineLength\\\";i:76;}i:1;N;}}s:61:\\\"\\0Symfony\\\\Component\\\\Mailer\\\\Messenger\\\\SendEmailMessage\\0envelope\\\";N;}}', '[]', 'default', '2025-02-25 17:54:50', '2025-02-25 17:54:50', NULL),
(30, 'O:36:\\\"Symfony\\\\Component\\\\Messenger\\\\Envelope\\\":2:{s:44:\\\"\\0Symfony\\\\Component\\\\Messenger\\\\Envelope\\0stamps\\\";a:1:{s:46:\\\"Symfony\\\\Component\\\\Messenger\\\\Stamp\\\\BusNameStamp\\\";a:1:{i:0;O:46:\\\"Symfony\\\\Component\\\\Messenger\\\\Stamp\\\\BusNameStamp\\\":1:{s:55:\\\"\\0Symfony\\\\Component\\\\Messenger\\\\Stamp\\\\BusNameStamp\\0busName\\\";s:21:\\\"messenger.bus.default\\\";}}}s:45:\\\"\\0Symfony\\\\Component\\\\Messenger\\\\Envelope\\0message\\\";O:51:\\\"Symfony\\\\Component\\\\Mailer\\\\Messenger\\\\SendEmailMessage\\\":2:{s:60:\\\"\\0Symfony\\\\Component\\\\Mailer\\\\Messenger\\\\SendEmailMessage\\0message\\\";O:28:\\\"Symfony\\\\Component\\\\Mime\\\\Email\\\":6:{i:0;s:28:\\\"Sending emails is fun again!\\\";i:1;s:5:\\\"utf-8\\\";i:2;s:56:\\\"<p>See Twig integration for better HTML integration!</p>\\\";i:3;s:5:\\\"utf-8\\\";i:4;a:0:{}i:5;a:2:{i:0;O:37:\\\"Symfony\\\\Component\\\\Mime\\\\Header\\\\Headers\\\":2:{s:46:\\\"\\0Symfony\\\\Component\\\\Mime\\\\Header\\\\Headers\\0headers\\\";a:3:{s:4:\\\"from\\\";a:1:{i:0;O:47:\\\"Symfony\\\\Component\\\\Mime\\\\Header\\\\MailboxListHeader\\\":5:{s:50:\\\"\\0Symfony\\\\Component\\\\Mime\\\\Header\\\\AbstractHeader\\0name\\\";s:4:\\\"From\\\";s:56:\\\"\\0Symfony\\\\Component\\\\Mime\\\\Header\\\\AbstractHeader\\0lineLength\\\";i:76;s:50:\\\"\\0Symfony\\\\Component\\\\Mime\\\\Header\\\\AbstractHeader\\0lang\\\";N;s:53:\\\"\\0Symfony\\\\Component\\\\Mime\\\\Header\\\\AbstractHeader\\0charset\\\";s:5:\\\"utf-8\\\";s:58:\\\"\\0Symfony\\\\Component\\\\Mime\\\\Header\\\\MailboxListHeader\\0addresses\\\";a:1:{i:0;O:30:\\\"Symfony\\\\Component\\\\Mime\\\\Address\\\":2:{s:39:\\\"\\0Symfony\\\\Component\\\\Mime\\\\Address\\0address\\\";s:23:\\\"yassinzemzem1@gmail.com\\\";s:36:\\\"\\0Symfony\\\\Component\\\\Mime\\\\Address\\0name\\\";s:0:\\\"\\\";}}}}s:2:\\\"to\\\";a:1:{i:0;O:47:\\\"Symfony\\\\Component\\\\Mime\\\\Header\\\\MailboxListHeader\\\":5:{s:50:\\\"\\0Symfony\\\\Component\\\\Mime\\\\Header\\\\AbstractHeader\\0name\\\";s:2:\\\"To\\\";s:56:\\\"\\0Symfony\\\\Component\\\\Mime\\\\Header\\\\AbstractHeader\\0lineLength\\\";i:76;s:50:\\\"\\0Symfony\\\\Component\\\\Mime\\\\Header\\\\AbstractHeader\\0lang\\\";N;s:53:\\\"\\0Symfony\\\\Component\\\\Mime\\\\Header\\\\AbstractHeader\\0charset\\\";s:5:\\\"utf-8\\\";s:58:\\\"\\0Symfony\\\\Component\\\\Mime\\\\Header\\\\MailboxListHeader\\0addresses\\\";a:1:{i:0;O:30:\\\"Symfony\\\\Component\\\\Mime\\\\Address\\\":2:{s:39:\\\"\\0Symfony\\\\Component\\\\Mime\\\\Address\\0address\\\";s:19:\\\"akoyomi63@gmail.com\\\";s:36:\\\"\\0Symfony\\\\Component\\\\Mime\\\\Address\\0name\\\";s:0:\\\"\\\";}}}}s:7:\\\"subject\\\";a:1:{i:0;O:48:\\\"Symfony\\\\Component\\\\Mime\\\\Header\\\\UnstructuredHeader\\\":5:{s:50:\\\"\\0Symfony\\\\Component\\\\Mime\\\\Header\\\\AbstractHeader\\0name\\\";s:7:\\\"Subject\\\";s:56:\\\"\\0Symfony\\\\Component\\\\Mime\\\\Header\\\\AbstractHeader\\0lineLength\\\";i:76;s:50:\\\"\\0Symfony\\\\Component\\\\Mime\\\\Header\\\\AbstractHeader\\0lang\\\";N;s:53:\\\"\\0Symfony\\\\Component\\\\Mime\\\\Header\\\\AbstractHeader\\0charset\\\";s:5:\\\"utf-8\\\";s:55:\\\"\\0Symfony\\\\Component\\\\Mime\\\\Header\\\\UnstructuredHeader\\0value\\\";s:24:\\\"Time for Symfony Mailer!\\\";}}}s:49:\\\"\\0Symfony\\\\Component\\\\Mime\\\\Header\\\\Headers\\0lineLength\\\";i:76;}i:1;N;}}s:61:\\\"\\0Symfony\\\\Component\\\\Mailer\\\\Messenger\\\\SendEmailMessage\\0envelope\\\";N;}}', '[]', 'default', '2025-02-25 19:32:15', '2025-02-25 19:32:15', NULL);

-- --------------------------------------------------------

--
-- Structure de la table `notification`
--

CREATE TABLE `notification` (
  `id` int(11) NOT NULL,
  `user_id` int(11) DEFAULT NULL,
  `message` varchar(255) DEFAULT NULL,
  `is_read` tinyint(1) DEFAULT NULL,
  `created_at` datetime DEFAULT NULL COMMENT '(DC2Type:datetime_immutable)'
) ENGINE=InnoDB DEFAULT CHARSET=utf8mb4 COLLATE=utf8mb4_unicode_ci;

--
-- Déchargement des données de la table `notification`
--

INSERT INTO `notification` (`id`, `user_id`, `message`, `is_read`, `created_at`) VALUES
(1, 2, 'Your message here', 1, '2025-03-01 12:57:33'),
(2, 2, 'You are eligible for a new donation!', 0, '2025-03-01 13:16:04'),
(3, 1, 'You are eligible for a new donation!', 1, '2025-03-01 13:16:40'),
(4, 3, 'You are eligible for a new donation!', 0, '2025-03-01 13:16:56');

-- --------------------------------------------------------

--
-- Structure de la table `participation`
--

CREATE TABLE `participation` (
  `id` int(11) NOT NULL,
  `user_id` int(11) NOT NULL,
  `evenement_id` int(11) NOT NULL,
  `dateparticipation` date NOT NULL,
  `nombrepersonne` int(11) NOT NULL
) ENGINE=InnoDB DEFAULT CHARSET=utf8mb4 COLLATE=utf8mb4_unicode_ci;

--
-- Déchargement des données de la table `participation`
--

INSERT INTO `participation` (`id`, `user_id`, `evenement_id`, `dateparticipation`, `nombrepersonne`) VALUES
(1, 1, 1, '2025-02-16', 1);

-- --------------------------------------------------------

--
-- Structure de la table `produit`
--

CREATE TABLE `produit` (
  `id` int(11) NOT NULL,
  `categorie_id` int(11) NOT NULL,
  `nom` varchar(255) NOT NULL,
  `description` longtext NOT NULL,
  `quantite` int(11) NOT NULL
) ENGINE=InnoDB DEFAULT CHARSET=utf8mb4 COLLATE=utf8mb4_unicode_ci;

-- --------------------------------------------------------

--
-- Structure de la table `rendez_vous`
--

CREATE TABLE `rendez_vous` (
  `id` int(11) NOT NULL,
  `service` varchar(100) NOT NULL,
  `date` datetime DEFAULT NULL,
  `email` varchar(255) DEFAULT NULL,
  `latitude` double DEFAULT NULL,
  `longitude` double DEFAULT NULL
) ENGINE=InnoDB DEFAULT CHARSET=utf8mb4 COLLATE=utf8mb4_unicode_ci;

-- --------------------------------------------------------

--
-- Structure de la table `therapie`
--

CREATE TABLE `therapie` (
  `id` int(11) NOT NULL,
  `image` varchar(255) NOT NULL,
  `nom` varchar(255) NOT NULL,
  `description` varchar(255) NOT NULL,
  `objectif` varchar(255) NOT NULL,
  `duree` varchar(255) NOT NULL,
  `type` varchar(255) NOT NULL
) ENGINE=InnoDB DEFAULT CHARSET=utf8mb4 COLLATE=utf8mb4_unicode_ci;

--
-- Déchargement des données de la table `therapie`
--

INSERT INTO `therapie` (`id`, `image`, `nom`, `description`, `objectif`, `duree`, `type`) VALUES
(1, 'data:image/jpeg;base64,/9j/4AAQSkZJRgABAQAAAQABAAD/2wBDAAsJCQcJCQcJCQkJCwkJCQkJCQsJCwsMCwsLDA0QDBEODQ4MEhkSJRodJR0ZHxwpKRYlNzU2GioyPi0pMBk7IRP/2wBDAQcICAsJCxULCxUsHRkdLCwsLCwsLCwsLCwsLCwsLCwsLCwsLCwsLCwsLCwsLCwsLCwsLCwsLCwsLCwsLCwsLCz/wAARCAEKAbwDASIAAhEB', 'gfd', 'gdfgfdgdfgdfg', 'gdfgfdgfd', '2', 'gfdgfd'),
(2, 'sanstabac-67b0c1530f1a9.jpg', 'ab sit', 'Lorem ipsum 0', 'Objectif 0', '34', 'Physique'),
(3, 'sanstabac-67b0c1530f1a9.jpg', 'voluptas dolores', 'Lorem ipsum 1', 'Objectif 1', '68', 'Physique'),
(4, 'sanstabac-67b0c1530f1a9.jpg', 'consequatur fuga', 'Lorem ipsum 2', 'Objectif 2', '30', 'Émotionnelle'),
(5, 'sanstabac-67b0c1530f1a9.jpg', 'nobis laudantium', 'Lorem ipsum 3', 'Objectif 3', '58', 'Physique'),
(6, 'sanstabac-67b0c1530f1a9.jpg', 'architecto amet', 'Lorem ipsum 4', 'Objectif 4', '73', 'Mentale'),
(7, 'sanstabac-67b0c1530f1a9.jpg', 'libero delectus', 'Lorem ipsum 5', 'Objectif 5', '109', 'Émotionnelle'),
(8, 'sanstabac-67b0c1530f1a9.jpg', 'libero labore', 'Lorem ipsum 6', 'Objectif 6', '76', 'Physique'),
(9, 'sanstabac-67b0c1530f1a9.jpg', 'earum inventore', 'Lorem ipsum 7', 'Objectif 7', '67', 'Physique'),
(10, 'sanstabac-67b0c1530f1a9.jpg', 'et quo', 'Lorem ipsum 8', 'Objectif 8', '113', 'Physique'),
(11, 'sanstabac-67b0c1530f1a9.jpg', 'maxime voluptatem', 'Lorem ipsum 9', 'Objectif 9', '70', 'Physique'),
(12, 'sanstabac-67b0c1530f1a9.jpg', 'non reiciendis', 'Lorem ipsum 10', 'Objectif 10', '41', 'Émotionnelle'),
(13, 'sanstabac-67b0c1530f1a9.jpg', 'iusto quam', 'Lorem ipsum 11', 'Objectif 11', '113', 'Physique'),
(14, 'sanstabac-67b0c1530f1a9.jpg', 'et rem', 'Lorem ipsum 12', 'Objectif 12', '109', 'Mentale'),
(15, 'sanstabac-67b0c1530f1a9.jpg', 'dolorem velit', 'Lorem ipsum 13', 'Objectif 13', '36', 'Émotionnelle'),
(16, 'sanstabac-67b0c1530f1a9.jpg', 'et quam', 'Lorem ipsum 14', 'Objectif 14', '114', 'Physique'),
(17, 'sanstabac-67b0c1530f1a9.jpg', 'quidem non', 'Lorem ipsum 15', 'Objectif 15', '100', 'Émotionnelle'),
(18, 'sanstabac-67b0c1530f1a9.jpg', 'omnis ducimus', 'Lorem ipsum 16', 'Objectif 16', '87', 'Mentale'),
(19, 'sanstabac-67b0c1530f1a9.jpg', 'natus et', 'Lorem ipsum 17', 'Objectif 17', '114', 'Émotionnelle'),
(20, 'sanstabac-67b0c1530f1a9.jpg', 'et ut', 'Lorem ipsum 18', 'Objectif 18', '109', 'Physique'),
(21, 'sanstabac-67b0c1530f1a9.jpg', 'commodi cupiditate', 'Lorem ipsum 19', 'Objectif 19', '88', 'Physique'),
(22, 'sanstabac-67b0c1530f1a9.jpg', 'asperiores ipsam', 'Lorem ipsum 20', 'Objectif 20', '67', 'Émotionnelle'),
(23, 'sanstabac-67b0c1530f1a9.jpg', 'ipsam debitis', 'Lorem ipsum 21', 'Objectif 21', '103', 'Physique'),
(24, 'sanstabac-67b0c1530f1a9.jpg', 'temporibus aut', 'Lorem ipsum 22', 'Objectif 22', '53', 'Émotionnelle'),
(25, 'sanstabac-67b0c1530f1a9.jpg', 'laborum non', 'Lorem ipsum 23', 'Objectif 23', '114', 'Mentale'),
(26, 'sanstabac-67b0c1530f1a9.jpg', 'voluptatem eos', 'Lorem ipsum 24', 'Objectif 24', '85', 'Physique'),
(27, 'sanstabac-67b0c1530f1a9.jpg', 'non ut', 'Lorem ipsum 25', 'Objectif 25', '102', 'Émotionnelle'),
(28, 'sanstabac-67b0c1530f1a9.jpg', 'tempore ex', 'Lorem ipsum 26', 'Objectif 26', '87', 'Physique'),
(29, 'sanstabac-67b0c1530f1a9.jpg', 'eveniet rerum', 'Lorem ipsum 27', 'Objectif 27', '88', 'Physique'),
(30, 'sanstabac-67b0c1530f1a9.jpg', 'quis eos', 'Lorem ipsum 28', 'Objectif 28', '81', 'Émotionnelle'),
(31, 'sanstabac-67b0c1530f1a9.jpg', 'voluptatem officia', 'Lorem ipsum 29', 'Objectif 29', '82', 'Mentale'),
(32, 'sanstabac-67b0c1530f1a9.jpg', 'voluptas nihil', 'Lorem ipsum 30', 'Objectif 30', '105', 'Émotionnelle'),
(33, 'sanstabac-67b0c1530f1a9.jpg', 'et nobis', 'Lorem ipsum 31', 'Objectif 31', '95', 'Physique'),
(34, 'sanstabac-67b0c1530f1a9.jpg', 'non facilis', 'Lorem ipsum 32', 'Objectif 32', '95', 'Mentale'),
(35, 'sanstabac-67b0c1530f1a9.jpg', 'sed ducimus', 'Lorem ipsum 33', 'Objectif 33', '83', 'Émotionnelle'),
(36, 'sanstabac-67b0c1530f1a9.jpg', 'mollitia veniam', 'Lorem ipsum 34', 'Objectif 34', '115', 'Physique'),
(37, 'sanstabac-67b0c1530f1a9.jpg', 'sed est', 'Lorem ipsum 35', 'Objectif 35', '65', 'Physique'),
(38, 'sanstabac-67b0c1530f1a9.jpg', 'eius non', 'Lorem ipsum 36', 'Objectif 36', '35', 'Mentale'),
(39, 'sanstabac-67b0c1530f1a9.jpg', 'sint est', 'Lorem ipsum 37', 'Objectif 37', '78', 'Mentale'),
(40, 'sanstabac-67b0c1530f1a9.jpg', 'possimus quia', 'Lorem ipsum 38', 'Objectif 38', '61', 'Mentale'),
(41, 'sanstabac-67b0c1530f1a9.jpg', 'dolorem nam', 'Lorem ipsum 39', 'Objectif 39', '32', 'Mentale'),
(42, 'sanstabac-67b0c1530f1a9.jpg', 'nisi quisquam', 'Lorem ipsum 40', 'Objectif 40', '37', 'Mentale'),
(43, 'sanstabac-67b0c1530f1a9.jpg', 'ducimus blanditiis', 'Lorem ipsum 41', 'Objectif 41', '38', 'Mentale'),
(44, 'sanstabac-67b0c1530f1a9.jpg', 'nihil quia', 'Lorem ipsum 42', 'Objectif 42', '31', 'Émotionnelle'),
(45, 'sanstabac-67b0c1530f1a9.jpg', 'inventore molestias', 'Lorem ipsum 43', 'Objectif 43', '38', 'Mentale'),
(46, 'sanstabac-67b0c1530f1a9.jpg', 'similique est', 'Lorem ipsum 44', 'Objectif 44', '98', 'Physique'),
(47, 'sanstabac-67b0c1530f1a9.jpg', 'adipisci quidem', 'Lorem ipsum 45', 'Objectif 45', '108', 'Physique'),
(48, 'sanstabac-67b0c1530f1a9.jpg', 'molestiae praesentium', 'Lorem ipsum 46', 'Objectif 46', '100', 'Mentale'),
(49, 'sanstabac-67b0c1530f1a9.jpg', 'repudiandae quod', 'Lorem ipsum 47', 'Objectif 47', '113', 'Mentale'),
(50, 'sanstabac-67b0c1530f1a9.jpg', 'harum dolor', 'Lorem ipsum 48', 'Objectif 48', '79', 'Émotionnelle'),
(51, 'sanstabac-67b0c1530f1a9.jpg', 'accusamus ipsam', 'Lorem ipsum 49', 'Objectif 49', '100', 'Mentale'),
(52, 'sanstabac-67b0c1530f1a9.jpg', 'aspernatur et', 'Lorem ipsum 50', 'Objectif 50', '36', 'Émotionnelle'),
(53, 'sanstabac-67b0c1530f1a9.jpg', 'nulla inventore', 'Lorem ipsum 51', 'Objectif 51', '107', 'Physique'),
(54, 'sanstabac-67b0c1530f1a9.jpg', 'necessitatibus perspiciatis', 'Lorem ipsum 52', 'Objectif 52', '66', 'Mentale'),
(55, 'sanstabac-67b0c1530f1a9.jpg', 'velit et', 'Lorem ipsum 53', 'Objectif 53', '48', 'Mentale'),
(56, 'sanstabac-67b0c1530f1a9.jpg', 'eveniet veritatis', 'Lorem ipsum 54', 'Objectif 54', '99', 'Physique'),
(57, 'sanstabac-67b0c1530f1a9.jpg', 'et et', 'Lorem ipsum 55', 'Objectif 55', '75', 'Émotionnelle'),
(58, 'sanstabac-67b0c1530f1a9.jpg', 'sed ullam', 'Lorem ipsum 56', 'Objectif 56', '73', 'Émotionnelle'),
(59, 'sanstabac-67b0c1530f1a9.jpg', 'in iste', 'Lorem ipsum 57', 'Objectif 57', '106', 'Mentale'),
(60, 'sanstabac-67b0c1530f1a9.jpg', 'rem deleniti', 'Lorem ipsum 58', 'Objectif 58', '112', 'Mentale'),
(61, 'sanstabac-67b0c1530f1a9.jpg', 'exercitationem adipisci', 'Lorem ipsum 59', 'Objectif 59', '59', 'Émotionnelle'),
(62, 'sanstabac-67b0c1530f1a9.jpg', 'dicta nesciunt', 'Lorem ipsum 60', 'Objectif 60', '35', 'Mentale'),
(63, 'sanstabac-67b0c1530f1a9.jpg', 'voluptatum hic', 'Lorem ipsum 61', 'Objectif 61', '112', 'Mentale'),
(64, 'sanstabac-67b0c1530f1a9.jpg', 'consequatur qui', 'Lorem ipsum 62', 'Objectif 62', '118', 'Mentale'),
(65, 'sanstabac-67b0c1530f1a9.jpg', 'corporis exercitationem', 'Lorem ipsum 63', 'Objectif 63', '116', 'Émotionnelle'),
(66, 'sanstabac-67b0c1530f1a9.jpg', 'eaque eius', 'Lorem ipsum 64', 'Objectif 64', '65', 'Émotionnelle'),
(67, 'sanstabac-67b0c1530f1a9.jpg', 'odio nihil', 'Lorem ipsum 65', 'Objectif 65', '80', 'Mentale'),
(68, 'sanstabac-67b0c1530f1a9.jpg', 'exercitationem soluta', 'Lorem ipsum 66', 'Objectif 66', '31', 'Mentale'),
(69, 'sanstabac-67b0c1530f1a9.jpg', 'cum qui', 'Lorem ipsum 67', 'Objectif 67', '105', 'Émotionnelle'),
(70, 'sanstabac-67b0c1530f1a9.jpg', 'et vel', 'Lorem ipsum 68', 'Objectif 68', '109', 'Mentale'),
(71, 'sanstabac-67b0c1530f1a9.jpg', 'aliquam esse', 'Lorem ipsum 69', 'Objectif 69', '53', 'Physique'),
(72, 'sanstabac-67b0c1530f1a9.jpg', 'ut harum', 'Lorem ipsum 70', 'Objectif 70', '75', 'Émotionnelle'),
(73, 'sanstabac-67b0c1530f1a9.jpg', 'enim non', 'Lorem ipsum 71', 'Objectif 71', '78', 'Mentale'),
(74, 'sanstabac-67b0c1530f1a9.jpg', 'quis voluptates', 'Lorem ipsum 72', 'Objectif 72', '42', 'Mentale'),
(75, 'sanstabac-67b0c1530f1a9.jpg', 'eos quam', 'Lorem ipsum 73', 'Objectif 73', '109', 'Émotionnelle'),
(76, 'sanstabac-67b0c1530f1a9.jpg', 'quaerat minus', 'Lorem ipsum 74', 'Objectif 74', '88', 'Émotionnelle'),
(77, 'sanstabac-67b0c1530f1a9.jpg', 'possimus iusto', 'Lorem ipsum 75', 'Objectif 75', '106', 'Émotionnelle'),
(78, 'sanstabac-67b0c1530f1a9.jpg', 'magni nesciunt', 'Lorem ipsum 76', 'Objectif 76', '63', 'Émotionnelle'),
(79, 'sanstabac-67b0c1530f1a9.jpg', 'sint animi', 'Lorem ipsum 77', 'Objectif 77', '75', 'Physique'),
(80, 'sanstabac-67b0c1530f1a9.jpg', 'qui occaecati', 'Lorem ipsum 78', 'Objectif 78', '61', 'Physique'),
(81, 'sanstabac-67b0c1530f1a9.jpg', 'doloribus commodi', 'Lorem ipsum 79', 'Objectif 79', '34', 'Émotionnelle'),
(82, 'sanstabac-67b0c1530f1a9.jpg', 'repudiandae unde', 'Lorem ipsum 80', 'Objectif 80', '82', 'Mentale'),
(83, 'sanstabac-67b0c1530f1a9.jpg', 'autem voluptas', 'Lorem ipsum 81', 'Objectif 81', '104', 'Mentale'),
(84, 'sanstabac-67b0c1530f1a9.jpg', 'animi voluptas', 'Lorem ipsum 82', 'Objectif 82', '114', 'Mentale'),
(85, 'sanstabac-67b0c1530f1a9.jpg', 'placeat quasi', 'Lorem ipsum 83', 'Objectif 83', '102', 'Émotionnelle'),
(86, 'sanstabac-67b0c1530f1a9.jpg', 'architecto ducimus', 'Lorem ipsum 84', 'Objectif 84', '95', 'Physique'),
(87, 'sanstabac-67b0c1530f1a9.jpg', 'quasi velit', 'Lorem ipsum 85', 'Objectif 85', '49', 'Physique'),
(88, 'sanstabac-67b0c1530f1a9.jpg', 'a voluptas', 'Lorem ipsum 86', 'Objectif 86', '114', 'Émotionnelle'),
(89, 'sanstabac-67b0c1530f1a9.jpg', 'quisquam repellat', 'Lorem ipsum 87', 'Objectif 87', '81', 'Émotionnelle'),
(90, 'sanstabac-67b0c1530f1a9.jpg', 'atque qui', 'Lorem ipsum 88', 'Objectif 88', '96', 'Physique'),
(91, 'sanstabac-67b0c1530f1a9.jpg', 'quibusdam dolorum', 'Lorem ipsum 89', 'Objectif 89', '113', 'Physique'),
(92, 'sanstabac-67b0c1530f1a9.jpg', 'dolorem fugiat', 'Lorem ipsum 90', 'Objectif 90', '90', 'Physique'),
(93, 'sanstabac-67b0c1530f1a9.jpg', 'fugiat in', 'Lorem ipsum 91', 'Objectif 91', '90', 'Mentale'),
(94, 'sanstabac-67b0c1530f1a9.jpg', 'voluptatum numquam', 'Lorem ipsum 92', 'Objectif 92', '118', 'Mentale'),
(95, 'sanstabac-67b0c1530f1a9.jpg', 'in ex', 'Lorem ipsum 93', 'Objectif 93', '67', 'Émotionnelle'),
(96, 'sanstabac-67b0c1530f1a9.jpg', 'aut inventore', 'Lorem ipsum 94', 'Objectif 94', '112', 'Physique'),
(97, 'sanstabac-67b0c1530f1a9.jpg', 'amet at', 'Lorem ipsum 95', 'Objectif 95', '61', 'Émotionnelle'),
(98, 'sanstabac-67b0c1530f1a9.jpg', 'temporibus eius', 'Lorem ipsum 96', 'Objectif 96', '67', 'Émotionnelle'),
(99, 'sanstabac-67b0c1530f1a9.jpg', 'laudantium illum', 'Lorem ipsum 97', 'Objectif 97', '39', 'Mentale'),
(100, 'sanstabac-67b0c1530f1a9.jpg', 'doloremque et', 'Lorem ipsum 98', 'Objectif 98', '83', 'Émotionnelle'),
(101, 'sanstabac-67b0c1530f1a9.jpg', 'et voluptatem', 'Lorem ipsum 99', 'Objectif 99', '48', 'Mentale'),
(102, 'sanstabac-67b0c1530f1a9.jpg', 'molestiae excepturi', 'Lorem ipsum 100', 'Objectif 100', '63', 'Émotionnelle'),
(103, 'sanstabac-67b0c1530f1a9.jpg', 'quo et', 'Lorem ipsum 101', 'Objectif 101', '80', 'Mentale'),
(104, 'sanstabac-67b0c1530f1a9.jpg', 'ad sint', 'Lorem ipsum 102', 'Objectif 102', '119', 'Émotionnelle'),
(105, 'sanstabac-67b0c1530f1a9.jpg', 'incidunt repellendus', 'Lorem ipsum 103', 'Objectif 103', '68', 'Émotionnelle'),
(106, 'sanstabac-67b0c1530f1a9.jpg', 'veritatis doloribus', 'Lorem ipsum 104', 'Objectif 104', '86', 'Physique'),
(107, 'sanstabac-67b0c1530f1a9.jpg', 'nemo cupiditate', 'Lorem ipsum 105', 'Objectif 105', '73', 'Physique'),
(108, 'sanstabac-67b0c1530f1a9.jpg', 'modi velit', 'Lorem ipsum 106', 'Objectif 106', '86', 'Émotionnelle'),
(109, 'sanstabac-67b0c1530f1a9.jpg', 'incidunt in', 'Lorem ipsum 107', 'Objectif 107', '60', 'Émotionnelle'),
(110, 'sanstabac-67b0c1530f1a9.jpg', 'similique nihil', 'Lorem ipsum 108', 'Objectif 108', '43', 'Physique'),
(111, 'sanstabac-67b0c1530f1a9.jpg', 'reiciendis in', 'Lorem ipsum 109', 'Objectif 109', '73', 'Physique'),
(112, 'sanstabac-67b0c1530f1a9.jpg', 'maiores in', 'Lorem ipsum 110', 'Objectif 110', '58', 'Physique'),
(113, 'sanstabac-67b0c1530f1a9.jpg', 'aut sapiente', 'Lorem ipsum 111', 'Objectif 111', '79', 'Émotionnelle'),
(114, 'sanstabac-67b0c1530f1a9.jpg', 'consequatur sit', 'Lorem ipsum 112', 'Objectif 112', '33', 'Physique'),
(115, 'sanstabac-67b0c1530f1a9.jpg', 'sint illo', 'Lorem ipsum 113', 'Objectif 113', '54', 'Mentale'),
(116, 'sanstabac-67b0c1530f1a9.jpg', 'ea qui', 'Lorem ipsum 114', 'Objectif 114', '88', 'Émotionnelle'),
(117, 'sanstabac-67b0c1530f1a9.jpg', 'alias non', 'Lorem ipsum 115', 'Objectif 115', '96', 'Mentale'),
(118, 'sanstabac-67b0c1530f1a9.jpg', 'dicta consectetur', 'Lorem ipsum 116', 'Objectif 116', '42', 'Émotionnelle'),
(119, 'sanstabac-67b0c1530f1a9.jpg', 'officia voluptates', 'Lorem ipsum 117', 'Objectif 117', '37', 'Émotionnelle'),
(120, 'sanstabac-67b0c1530f1a9.jpg', 'beatae quis', 'Lorem ipsum 118', 'Objectif 118', '96', 'Émotionnelle'),
(121, 'sanstabac-67b0c1530f1a9.jpg', 'qui omnis', 'Lorem ipsum 119', 'Objectif 119', '47', 'Physique'),
(122, 'sanstabac-67b0c1530f1a9.jpg', 'reiciendis minus', 'Lorem ipsum 120', 'Objectif 120', '112', 'Mentale'),
(123, 'sanstabac-67b0c1530f1a9.jpg', 'dolor alias', 'Lorem ipsum 121', 'Objectif 121', '92', 'Mentale'),
(124, 'sanstabac-67b0c1530f1a9.jpg', 'et aliquam', 'Lorem ipsum 122', 'Objectif 122', '90', 'Physique'),
(125, 'sanstabac-67b0c1530f1a9.jpg', 'facere voluptatem', 'Lorem ipsum 123', 'Objectif 123', '81', 'Émotionnelle'),
(126, 'sanstabac-67b0c1530f1a9.jpg', 'similique culpa', 'Lorem ipsum 124', 'Objectif 124', '32', 'Émotionnelle'),
(127, 'sanstabac-67b0c1530f1a9.jpg', 'quaerat molestias', 'Lorem ipsum 125', 'Objectif 125', '69', 'Mentale'),
(128, 'sanstabac-67b0c1530f1a9.jpg', 'aut repellendus', 'Lorem ipsum 126', 'Objectif 126', '39', 'Physique'),
(129, 'sanstabac-67b0c1530f1a9.jpg', 'maiores quod', 'Lorem ipsum 127', 'Objectif 127', '116', 'Émotionnelle'),
(130, 'sanstabac-67b0c1530f1a9.jpg', 'harum id', 'Lorem ipsum 128', 'Objectif 128', '102', 'Émotionnelle'),
(131, 'sanstabac-67b0c1530f1a9.jpg', 'dolorem qui', 'Lorem ipsum 129', 'Objectif 129', '75', 'Physique'),
(132, 'sanstabac-67b0c1530f1a9.jpg', 'quis qui', 'Lorem ipsum 130', 'Objectif 130', '102', 'Émotionnelle'),
(133, 'sanstabac-67b0c1530f1a9.jpg', 'voluptatem voluptatem', 'Lorem ipsum 131', 'Objectif 131', '37', 'Émotionnelle'),
(134, 'sanstabac-67b0c1530f1a9.jpg', 'quia incidunt', 'Lorem ipsum 132', 'Objectif 132', '78', 'Physique'),
(135, 'sanstabac-67b0c1530f1a9.jpg', 'neque labore', 'Lorem ipsum 133', 'Objectif 133', '31', 'Physique'),
(136, 'sanstabac-67b0c1530f1a9.jpg', 'incidunt dolor', 'Lorem ipsum 134', 'Objectif 134', '76', 'Mentale'),
(137, 'sanstabac-67b0c1530f1a9.jpg', 'ducimus incidunt', 'Lorem ipsum 135', 'Objectif 135', '53', 'Mentale'),
(138, 'sanstabac-67b0c1530f1a9.jpg', 'modi impedit', 'Lorem ipsum 136', 'Objectif 136', '59', 'Mentale'),
(139, 'sanstabac-67b0c1530f1a9.jpg', 'omnis harum', 'Lorem ipsum 137', 'Objectif 137', '37', 'Émotionnelle'),
(140, 'sanstabac-67b0c1530f1a9.jpg', 'voluptatem pariatur', 'Lorem ipsum 138', 'Objectif 138', '114', 'Émotionnelle'),
(141, 'sanstabac-67b0c1530f1a9.jpg', 'sunt rerum', 'Lorem ipsum 139', 'Objectif 139', '33', 'Émotionnelle'),
(142, 'sanstabac-67b0c1530f1a9.jpg', 'at ex', 'Lorem ipsum 140', 'Objectif 140', '80', 'Émotionnelle'),
(143, 'sanstabac-67b0c1530f1a9.jpg', 'dolores reiciendis', 'Lorem ipsum 141', 'Objectif 141', '81', 'Émotionnelle'),
(144, 'sanstabac-67b0c1530f1a9.jpg', 'sequi in', 'Lorem ipsum 142', 'Objectif 142', '81', 'Mentale'),
(145, 'sanstabac-67b0c1530f1a9.jpg', 'voluptatem cum', 'Lorem ipsum 143', 'Objectif 143', '43', 'Mentale'),
(146, 'sanstabac-67b0c1530f1a9.jpg', 'optio a', 'Lorem ipsum 144', 'Objectif 144', '39', 'Mentale'),
(147, 'sanstabac-67b0c1530f1a9.jpg', 'labore eveniet', 'Lorem ipsum 145', 'Objectif 145', '84', 'Émotionnelle'),
(148, 'sanstabac-67b0c1530f1a9.jpg', 'blanditiis vel', 'Lorem ipsum 146', 'Objectif 146', '69', 'Émotionnelle'),
(149, 'sanstabac-67b0c1530f1a9.jpg', 'quis ut', 'Lorem ipsum 147', 'Objectif 147', '68', 'Physique'),
(150, 'sanstabac-67b0c1530f1a9.jpg', 'delectus delectus', 'Lorem ipsum 148', 'Objectif 148', '70', 'Émotionnelle'),
(151, 'sanstabac-67b0c1530f1a9.jpg', 'totam autem', 'Lorem ipsum 149', 'Objectif 149', '120', 'Mentale'),
(152, 'sanstabac-67b0c1530f1a9.jpg', 'nisi est', 'Lorem ipsum 0', 'Objectif 0', '77', 'Mentale'),
(153, 'sanstabac-67b0c1530f1a9.jpg', 'aliquam minima', 'Lorem ipsum 1', 'Objectif 1', '113', 'Émotionnelle'),
(154, 'sanstabac-67b0c1530f1a9.jpg', 'voluptatum numquam', 'Lorem ipsum 2', 'Objectif 2', '83', 'Émotionnelle'),
(155, 'sanstabac-67b0c1530f1a9.jpg', 'magni et', 'Lorem ipsum 3', 'Objectif 3', '61', 'Mentale'),
(156, 'sanstabac-67b0c1530f1a9.jpg', 'nihil vel', 'Lorem ipsum 4', 'Objectif 4', '61', 'Mentale'),
(157, 'sanstabac-67b0c1530f1a9.jpg', 'necessitatibus optio', 'Lorem ipsum 5', 'Objectif 5', '80', 'Physique'),
(158, 'sanstabac-67b0c1530f1a9.jpg', 'sunt magnam', 'Lorem ipsum 6', 'Objectif 6', '97', 'Émotionnelle'),
(159, 'sanstabac-67b0c1530f1a9.jpg', 'tenetur voluptatem', 'Lorem ipsum 7', 'Objectif 7', '69', 'Physique'),
(160, 'sanstabac-67b0c1530f1a9.jpg', 'exercitationem rerum', 'Lorem ipsum 8', 'Objectif 8', '46', 'Mentale'),
(161, 'sanstabac-67b0c1530f1a9.jpg', 'vitae voluptatem', 'Lorem ipsum 9', 'Objectif 9', '52', 'Émotionnelle'),
(162, 'sanstabac-67b0c1530f1a9.jpg', 'neque est', 'Lorem ipsum 10', 'Objectif 10', '108', 'Mentale'),
(163, 'sanstabac-67b0c1530f1a9.jpg', 'itaque consequuntur', 'Lorem ipsum 11', 'Objectif 11', '75', 'Physique'),
(164, 'sanstabac-67b0c1530f1a9.jpg', 'illo delectus', 'Lorem ipsum 12', 'Objectif 12', '112', 'Physique'),
(165, 'sanstabac-67b0c1530f1a9.jpg', 'sequi aut', 'Lorem ipsum 13', 'Objectif 13', '115', 'Physique'),
(166, 'sanstabac-67b0c1530f1a9.jpg', 'ut et', 'Lorem ipsum 14', 'Objectif 14', '103', 'Émotionnelle'),
(167, 'sanstabac-67b0c1530f1a9.jpg', 'est fugit', 'Lorem ipsum 15', 'Objectif 15', '63', 'Émotionnelle'),
(168, 'sanstabac-67b0c1530f1a9.jpg', 'nihil omnis', 'Lorem ipsum 16', 'Objectif 16', '73', 'Mentale'),
(169, 'sanstabac-67b0c1530f1a9.jpg', 'dolorem magnam', 'Lorem ipsum 17', 'Objectif 17', '60', 'Physique'),
(170, 'sanstabac-67b0c1530f1a9.jpg', 'quaerat nihil', 'Lorem ipsum 18', 'Objectif 18', '43', 'Émotionnelle'),
(171, 'sanstabac-67b0c1530f1a9.jpg', 'dolores accusantium', 'Lorem ipsum 19', 'Objectif 19', '41', 'Mentale'),
(172, 'sanstabac-67b0c1530f1a9.jpg', 'debitis velit', 'Lorem ipsum 20', 'Objectif 20', '88', 'Physique'),
(173, 'sanstabac-67b0c1530f1a9.jpg', 'est dolores', 'Lorem ipsum 21', 'Objectif 21', '109', 'Physique'),
(174, 'sanstabac-67b0c1530f1a9.jpg', 'molestias nisi', 'Lorem ipsum 22', 'Objectif 22', '40', 'Émotionnelle'),
(175, 'sanstabac-67b0c1530f1a9.jpg', 'aliquid velit', 'Lorem ipsum 23', 'Objectif 23', '41', 'Émotionnelle'),
(176, 'sanstabac-67b0c1530f1a9.jpg', 'qui magni', 'Lorem ipsum 24', 'Objectif 24', '83', 'Émotionnelle'),
(177, 'sanstabac-67b0c1530f1a9.jpg', 'aspernatur laudantium', 'Lorem ipsum 25', 'Objectif 25', '89', 'Physique'),
(178, 'sanstabac-67b0c1530f1a9.jpg', 'et voluptates', 'Lorem ipsum 26', 'Objectif 26', '60', 'Émotionnelle'),
(179, 'sanstabac-67b0c1530f1a9.jpg', 'fugit veniam', 'Lorem ipsum 27', 'Objectif 27', '91', 'Physique'),
(180, 'sanstabac-67b0c1530f1a9.jpg', 'corrupti nihil', 'Lorem ipsum 28', 'Objectif 28', '62', 'Physique'),
(181, 'sanstabac-67b0c1530f1a9.jpg', 'et iure', 'Lorem ipsum 29', 'Objectif 29', '55', 'Émotionnelle'),
(182, 'sanstabac-67b0c1530f1a9.jpg', 'rerum vel', 'Lorem ipsum 30', 'Objectif 30', '37', 'Mentale'),
(183, 'sanstabac-67b0c1530f1a9.jpg', 'eum ut', 'Lorem ipsum 31', 'Objectif 31', '81', 'Physique'),
(184, 'sanstabac-67b0c1530f1a9.jpg', 'reiciendis sequi', 'Lorem ipsum 32', 'Objectif 32', '54', 'Mentale'),
(185, 'sanstabac-67b0c1530f1a9.jpg', 'doloremque molestias', 'Lorem ipsum 33', 'Objectif 33', '91', 'Émotionnelle'),
(186, 'sanstabac-67b0c1530f1a9.jpg', 'et iusto', 'Lorem ipsum 34', 'Objectif 34', '70', 'Physique'),
(187, 'sanstabac-67b0c1530f1a9.jpg', 'consequatur dolores', 'Lorem ipsum 35', 'Objectif 35', '114', 'Émotionnelle'),
(188, 'sanstabac-67b0c1530f1a9.jpg', 'aut eos', 'Lorem ipsum 36', 'Objectif 36', '55', 'Mentale'),
(189, 'sanstabac-67b0c1530f1a9.jpg', 'qui et', 'Lorem ipsum 37', 'Objectif 37', '112', 'Physique'),
(190, 'sanstabac-67b0c1530f1a9.jpg', 'aut maxime', 'Lorem ipsum 38', 'Objectif 38', '83', 'Mentale'),
(191, 'sanstabac-67b0c1530f1a9.jpg', 'quod dolorum', 'Lorem ipsum 39', 'Objectif 39', '94', 'Physique'),
(192, 'sanstabac-67b0c1530f1a9.jpg', 'magnam fugiat', 'Lorem ipsum 40', 'Objectif 40', '86', 'Mentale'),
(193, 'sanstabac-67b0c1530f1a9.jpg', 'eum perferendis', 'Lorem ipsum 41', 'Objectif 41', '89', 'Mentale'),
(194, 'sanstabac-67b0c1530f1a9.jpg', 'commodi dolorem', 'Lorem ipsum 42', 'Objectif 42', '109', 'Mentale'),
(195, 'sanstabac-67b0c1530f1a9.jpg', 'beatae sapiente', 'Lorem ipsum 43', 'Objectif 43', '113', 'Émotionnelle'),
(196, 'sanstabac-67b0c1530f1a9.jpg', 'sunt totam', 'Lorem ipsum 44', 'Objectif 44', '113', 'Mentale'),
(197, 'sanstabac-67b0c1530f1a9.jpg', 'est similique', 'Lorem ipsum 45', 'Objectif 45', '54', 'Physique'),
(198, 'sanstabac-67b0c1530f1a9.jpg', 'aut ipsum', 'Lorem ipsum 46', 'Objectif 46', '30', 'Émotionnelle'),
(199, 'sanstabac-67b0c1530f1a9.jpg', 'rerum amet', 'Lorem ipsum 47', 'Objectif 47', '99', 'Physique'),
(200, 'sanstabac-67b0c1530f1a9.jpg', 'et omnis', 'Lorem ipsum 48', 'Objectif 48', '45', 'Émotionnelle'),
(201, 'sanstabac-67b0c1530f1a9.jpg', 'est sit', 'Lorem ipsum 49', 'Objectif 49', '103', 'Mentale'),
(202, 'sanstabac-67b0c1530f1a9.jpg', 'enim exercitationem', 'Lorem ipsum 50', 'Objectif 50', '43', 'Physique'),
(203, 'sanstabac-67b0c1530f1a9.jpg', 'harum autem', 'Lorem ipsum 51', 'Objectif 51', '102', 'Mentale'),
(204, 'sanstabac-67b0c1530f1a9.jpg', 'sunt alias', 'Lorem ipsum 52', 'Objectif 52', '69', 'Émotionnelle'),
(205, 'sanstabac-67b0c1530f1a9.jpg', 'atque nobis', 'Lorem ipsum 53', 'Objectif 53', '43', 'Émotionnelle'),
(206, 'sanstabac-67b0c1530f1a9.jpg', 'aut non', 'Lorem ipsum 54', 'Objectif 54', '36', 'Physique'),
(207, 'sanstabac-67b0c1530f1a9.jpg', 'sit iste', 'Lorem ipsum 55', 'Objectif 55', '104', 'Mentale'),
(208, 'sanstabac-67b0c1530f1a9.jpg', 'quisquam aut', 'Lorem ipsum 56', 'Objectif 56', '31', 'Émotionnelle'),
(209, 'sanstabac-67b0c1530f1a9.jpg', 'voluptatem quia', 'Lorem ipsum 57', 'Objectif 57', '78', 'Émotionnelle'),
(210, 'sanstabac-67b0c1530f1a9.jpg', 'quod mollitia', 'Lorem ipsum 58', 'Objectif 58', '95', 'Émotionnelle'),
(211, 'sanstabac-67b0c1530f1a9.jpg', 'qui eum', 'Lorem ipsum 59', 'Objectif 59', '100', 'Émotionnelle'),
(212, 'sanstabac-67b0c1530f1a9.jpg', 'vel excepturi', 'Lorem ipsum 60', 'Objectif 60', '84', 'Émotionnelle'),
(213, 'sanstabac-67b0c1530f1a9.jpg', 'vel praesentium', 'Lorem ipsum 61', 'Objectif 61', '111', 'Physique'),
(214, 'sanstabac-67b0c1530f1a9.jpg', 'non et', 'Lorem ipsum 62', 'Objectif 62', '62', 'Mentale'),
(215, 'sanstabac-67b0c1530f1a9.jpg', 'illum sed', 'Lorem ipsum 63', 'Objectif 63', '73', 'Émotionnelle'),
(216, 'sanstabac-67b0c1530f1a9.jpg', 'aliquid possimus', 'Lorem ipsum 64', 'Objectif 64', '113', 'Physique'),
(217, 'sanstabac-67b0c1530f1a9.jpg', 'repudiandae omnis', 'Lorem ipsum 65', 'Objectif 65', '50', 'Mentale'),
(218, 'sanstabac-67b0c1530f1a9.jpg', 'tempora totam', 'Lorem ipsum 66', 'Objectif 66', '56', 'Physique'),
(219, 'sanstabac-67b0c1530f1a9.jpg', 'et earum', 'Lorem ipsum 67', 'Objectif 67', '96', 'Physique'),
(220, 'sanstabac-67b0c1530f1a9.jpg', 'vel ea', 'Lorem ipsum 68', 'Objectif 68', '99', 'Mentale'),
(221, 'sanstabac-67b0c1530f1a9.jpg', 'delectus nemo', 'Lorem ipsum 69', 'Objectif 69', '31', 'Physique'),
(222, 'sanstabac-67b0c1530f1a9.jpg', 'debitis cupiditate', 'Lorem ipsum 70', 'Objectif 70', '52', 'Mentale'),
(223, 'sanstabac-67b0c1530f1a9.jpg', 'odit recusandae', 'Lorem ipsum 71', 'Objectif 71', '46', 'Émotionnelle'),
(224, 'sanstabac-67b0c1530f1a9.jpg', 'atque sint', 'Lorem ipsum 72', 'Objectif 72', '78', 'Mentale'),
(225, 'sanstabac-67b0c1530f1a9.jpg', 'quibusdam dolore', 'Lorem ipsum 73', 'Objectif 73', '77', 'Mentale'),
(226, 'sanstabac-67b0c1530f1a9.jpg', 'consequatur ipsam', 'Lorem ipsum 74', 'Objectif 74', '57', 'Émotionnelle'),
(227, 'sanstabac-67b0c1530f1a9.jpg', 'fugit molestiae', 'Lorem ipsum 75', 'Objectif 75', '112', 'Physique'),
(228, 'sanstabac-67b0c1530f1a9.jpg', 'velit modi', 'Lorem ipsum 76', 'Objectif 76', '82', 'Physique'),
(229, 'sanstabac-67b0c1530f1a9.jpg', 'voluptatem repellendus', 'Lorem ipsum 77', 'Objectif 77', '48', 'Mentale'),
(230, 'sanstabac-67b0c1530f1a9.jpg', 'voluptatem nisi', 'Lorem ipsum 78', 'Objectif 78', '89', 'Mentale'),
(231, 'sanstabac-67b0c1530f1a9.jpg', 'dolor eos', 'Lorem ipsum 79', 'Objectif 79', '59', 'Émotionnelle'),
(232, 'sanstabac-67b0c1530f1a9.jpg', 'aliquid aut', 'Lorem ipsum 80', 'Objectif 80', '49', 'Émotionnelle'),
(233, 'sanstabac-67b0c1530f1a9.jpg', 'quibusdam minus', 'Lorem ipsum 81', 'Objectif 81', '77', 'Physique'),
(234, 'sanstabac-67b0c1530f1a9.jpg', 'voluptatem earum', 'Lorem ipsum 82', 'Objectif 82', '107', 'Physique'),
(235, 'sanstabac-67b0c1530f1a9.jpg', 'rerum eveniet', 'Lorem ipsum 83', 'Objectif 83', '76', 'Mentale'),
(236, 'sanstabac-67b0c1530f1a9.jpg', 'nostrum eum', 'Lorem ipsum 84', 'Objectif 84', '98', 'Émotionnelle'),
(237, 'sanstabac-67b0c1530f1a9.jpg', 'inventore dolore', 'Lorem ipsum 85', 'Objectif 85', '109', 'Mentale'),
(238, 'sanstabac-67b0c1530f1a9.jpg', 'voluptas et', 'Lorem ipsum 86', 'Objectif 86', '41', 'Émotionnelle'),
(239, 'sanstabac-67b0c1530f1a9.jpg', 'corporis nobis', 'Lorem ipsum 87', 'Objectif 87', '85', 'Émotionnelle'),
(240, 'sanstabac-67b0c1530f1a9.jpg', 'similique ut', 'Lorem ipsum 88', 'Objectif 88', '114', 'Physique'),
(241, 'sanstabac-67b0c1530f1a9.jpg', 'sit voluptates', 'Lorem ipsum 89', 'Objectif 89', '65', 'Mentale'),
(242, 'sanstabac-67b0c1530f1a9.jpg', 'quia dolor', 'Lorem ipsum 90', 'Objectif 90', '89', 'Émotionnelle'),
(243, 'sanstabac-67b0c1530f1a9.jpg', 'nemo sit', 'Lorem ipsum 91', 'Objectif 91', '103', 'Physique'),
(244, 'sanstabac-67b0c1530f1a9.jpg', 'tenetur deserunt', 'Lorem ipsum 92', 'Objectif 92', '91', 'Mentale'),
(245, 'sanstabac-67b0c1530f1a9.jpg', 'quam sint', 'Lorem ipsum 93', 'Objectif 93', '99', 'Physique'),
(246, 'sanstabac-67b0c1530f1a9.jpg', 'sunt nisi', 'Lorem ipsum 94', 'Objectif 94', '30', 'Physique'),
(247, 'sanstabac-67b0c1530f1a9.jpg', 'recusandae ab', 'Lorem ipsum 95', 'Objectif 95', '95', 'Physique'),
(248, 'sanstabac-67b0c1530f1a9.jpg', 'voluptatem iusto', 'Lorem ipsum 96', 'Objectif 96', '67', 'Mentale'),
(249, 'sanstabac-67b0c1530f1a9.jpg', 'dolores veritatis', 'Lorem ipsum 97', 'Objectif 97', '85', 'Physique'),
(250, 'sanstabac-67b0c1530f1a9.jpg', 'aut voluptatem', 'Lorem ipsum 98', 'Objectif 98', '75', 'Mentale'),
(251, 'sanstabac-67b0c1530f1a9.jpg', 'iste excepturi', 'Lorem ipsum 99', 'Objectif 99', '49', 'Physique'),
(252, 'sanstabac-67b0c1530f1a9.jpg', 'ut dolores', 'Lorem ipsum 100', 'Objectif 100', '31', 'Mentale'),
(253, 'sanstabac-67b0c1530f1a9.jpg', 'voluptates natus', 'Lorem ipsum 101', 'Objectif 101', '91', 'Physique'),
(254, 'sanstabac-67b0c1530f1a9.jpg', 'ab nihil', 'Lorem ipsum 102', 'Objectif 102', '88', 'Mentale'),
(255, 'sanstabac-67b0c1530f1a9.jpg', 'a ratione', 'Lorem ipsum 103', 'Objectif 103', '96', 'Émotionnelle'),
(256, 'sanstabac-67b0c1530f1a9.jpg', 'vero iure', 'Lorem ipsum 104', 'Objectif 104', '44', 'Mentale'),
(257, 'sanstabac-67b0c1530f1a9.jpg', 'quo omnis', 'Lorem ipsum 105', 'Objectif 105', '30', 'Physique'),
(258, 'sanstabac-67b0c1530f1a9.jpg', 'nobis debitis', 'Lorem ipsum 106', 'Objectif 106', '68', 'Émotionnelle'),
(259, 'sanstabac-67b0c1530f1a9.jpg', 'possimus rerum', 'Lorem ipsum 107', 'Objectif 107', '69', 'Physique'),
(260, 'sanstabac-67b0c1530f1a9.jpg', 'distinctio id', 'Lorem ipsum 108', 'Objectif 108', '112', 'Mentale'),
(261, 'sanstabac-67b0c1530f1a9.jpg', 'eos temporibus', 'Lorem ipsum 109', 'Objectif 109', '97', 'Mentale'),
(262, 'sanstabac-67b0c1530f1a9.jpg', 'distinctio doloremque', 'Lorem ipsum 110', 'Objectif 110', '31', 'Émotionnelle'),
(263, 'sanstabac-67b0c1530f1a9.jpg', 'porro ut', 'Lorem ipsum 111', 'Objectif 111', '94', 'Mentale'),
(264, 'sanstabac-67b0c1530f1a9.jpg', 'consequuntur in', 'Lorem ipsum 112', 'Objectif 112', '102', 'Physique'),
(265, 'sanstabac-67b0c1530f1a9.jpg', 'nemo itaque', 'Lorem ipsum 113', 'Objectif 113', '104', 'Émotionnelle'),
(266, 'sanstabac-67b0c1530f1a9.jpg', 'laboriosam quasi', 'Lorem ipsum 114', 'Objectif 114', '48', 'Émotionnelle'),
(267, 'sanstabac-67b0c1530f1a9.jpg', 'sint corporis', 'Lorem ipsum 115', 'Objectif 115', '120', 'Physique'),
(268, 'sanstabac-67b0c1530f1a9.jpg', 'enim corporis', 'Lorem ipsum 116', 'Objectif 116', '110', 'Émotionnelle'),
(269, 'sanstabac-67b0c1530f1a9.jpg', 'dolore aut', 'Lorem ipsum 117', 'Objectif 117', '114', 'Physique'),
(270, 'sanstabac-67b0c1530f1a9.jpg', 'architecto quidem', 'Lorem ipsum 118', 'Objectif 118', '55', 'Émotionnelle'),
(271, 'sanstabac-67b0c1530f1a9.jpg', 'ipsam dolore', 'Lorem ipsum 119', 'Objectif 119', '114', 'Mentale'),
(272, 'sanstabac-67b0c1530f1a9.jpg', 'id voluptate', 'Lorem ipsum 120', 'Objectif 120', '71', 'Mentale'),
(273, 'sanstabac-67b0c1530f1a9.jpg', 'a quod', 'Lorem ipsum 121', 'Objectif 121', '55', 'Émotionnelle'),
(274, 'sanstabac-67b0c1530f1a9.jpg', 'molestiae quasi', 'Lorem ipsum 122', 'Objectif 122', '108', 'Physique'),
(275, 'sanstabac-67b0c1530f1a9.jpg', 'perferendis repellat', 'Lorem ipsum 123', 'Objectif 123', '59', 'Émotionnelle'),
(276, 'sanstabac-67b0c1530f1a9.jpg', 'id optio', 'Lorem ipsum 124', 'Objectif 124', '79', 'Émotionnelle'),
(277, 'sanstabac-67b0c1530f1a9.jpg', 'tempore quia', 'Lorem ipsum 125', 'Objectif 125', '37', 'Émotionnelle'),
(278, 'sanstabac-67b0c1530f1a9.jpg', 'voluptas recusandae', 'Lorem ipsum 126', 'Objectif 126', '111', 'Mentale'),
(279, 'sanstabac-67b0c1530f1a9.jpg', 'magnam amet', 'Lorem ipsum 127', 'Objectif 127', '32', 'Émotionnelle'),
(280, 'sanstabac-67b0c1530f1a9.jpg', 'maxime quos', 'Lorem ipsum 128', 'Objectif 128', '90', 'Mentale'),
(281, 'sanstabac-67b0c1530f1a9.jpg', 'eveniet accusamus', 'Lorem ipsum 129', 'Objectif 129', '80', 'Physique'),
(282, 'sanstabac-67b0c1530f1a9.jpg', 'odit reprehenderit', 'Lorem ipsum 130', 'Objectif 130', '67', 'Émotionnelle'),
(283, 'sanstabac-67b0c1530f1a9.jpg', 'et veniam', 'Lorem ipsum 131', 'Objectif 131', '51', 'Mentale'),
(284, 'sanstabac-67b0c1530f1a9.jpg', 'similique omnis', 'Lorem ipsum 132', 'Objectif 132', '47', 'Physique'),
(285, 'sanstabac-67b0c1530f1a9.jpg', 'soluta voluptatem', 'Lorem ipsum 133', 'Objectif 133', '44', 'Émotionnelle'),
(286, 'sanstabac-67b0c1530f1a9.jpg', 'voluptatem accusamus', 'Lorem ipsum 134', 'Objectif 134', '61', 'Mentale'),
(287, 'sanstabac-67b0c1530f1a9.jpg', 'et error', 'Lorem ipsum 135', 'Objectif 135', '80', 'Physique'),
(288, 'sanstabac-67b0c1530f1a9.jpg', 'velit non', 'Lorem ipsum 136', 'Objectif 136', '42', 'Mentale'),
(289, 'sanstabac-67b0c1530f1a9.jpg', 'nobis dolorum', 'Lorem ipsum 137', 'Objectif 137', '65', 'Émotionnelle'),
(290, 'sanstabac-67b0c1530f1a9.jpg', 'iste molestiae', 'Lorem ipsum 138', 'Objectif 138', '111', 'Mentale'),
(291, 'sanstabac-67b0c1530f1a9.jpg', 'libero sapiente', 'Lorem ipsum 139', 'Objectif 139', '106', 'Physique'),
(292, 'sanstabac-67b0c1530f1a9.jpg', 'consectetur repudiandae', 'Lorem ipsum 140', 'Objectif 140', '92', 'Physique'),
(293, 'sanstabac-67b0c1530f1a9.jpg', 'dolores ut', 'Lorem ipsum 141', 'Objectif 141', '55', 'Mentale'),
(294, 'sanstabac-67b0c1530f1a9.jpg', 'explicabo velit', 'Lorem ipsum 142', 'Objectif 142', '88', 'Mentale'),
(295, 'sanstabac-67b0c1530f1a9.jpg', 'nobis eius', 'Lorem ipsum 143', 'Objectif 143', '32', 'Mentale'),
(296, 'sanstabac-67b0c1530f1a9.jpg', 'architecto numquam', 'Lorem ipsum 144', 'Objectif 144', '72', 'Émotionnelle'),
(297, 'sanstabac-67b0c1530f1a9.jpg', 'et non', 'Lorem ipsum 145', 'Objectif 145', '77', 'Émotionnelle'),
(298, 'sanstabac-67b0c1530f1a9.jpg', 'saepe dolores', 'Lorem ipsum 146', 'Objectif 146', '54', 'Émotionnelle'),
(299, 'sanstabac-67b0c1530f1a9.jpg', 'vero autem', 'Lorem ipsum 147', 'Objectif 147', '68', 'Physique'),
(300, 'sanstabac-67b0c1530f1a9.jpg', 'atque natus', 'Lorem ipsum 148', 'Objectif 148', '49', 'Physique'),
(301, 'sanstabac-67b0c1530f1a9.jpg', 'aut quae', 'Lorem ipsum 149', 'Objectif 149', '87', 'Mentale'),
(302, 'sanstabac-67b0c1530f1a9.jpg', 'ratione porro', 'Lorem ipsum 0', 'Objectif 0', '35', 'Émotionnelle'),
(303, 'sanstabac-67b0c1530f1a9.jpg', 'voluptate corrupti', 'Lorem ipsum 1', 'Objectif 1', '52', 'Émotionnelle'),
(304, 'sanstabac-67b0c1530f1a9.jpg', 'excepturi sit', 'Lorem ipsum 2', 'Objectif 2', '46', 'Mentale'),
(305, 'sanstabac-67b0c1530f1a9.jpg', 'et laudantium', 'Lorem ipsum 3', 'Objectif 3', '43', 'Physique'),
(306, 'sanstabac-67b0c1530f1a9.jpg', 'maiores reiciendis', 'Lorem ipsum 4', 'Objectif 4', '56', 'Émotionnelle'),
(307, 'sanstabac-67b0c1530f1a9.jpg', 'quod provident', 'Lorem ipsum 5', 'Objectif 5', '70', 'Émotionnelle'),
(308, 'sanstabac-67b0c1530f1a9.jpg', 'fuga quasi', 'Lorem ipsum 6', 'Objectif 6', '118', 'Mentale'),
(309, 'sanstabac-67b0c1530f1a9.jpg', 'nemo sit', 'Lorem ipsum 7', 'Objectif 7', '32', 'Émotionnelle'),
(310, 'sanstabac-67b0c1530f1a9.jpg', 'sint voluptatem', 'Lorem ipsum 8', 'Objectif 8', '59', 'Émotionnelle'),
(311, 'sanstabac-67b0c1530f1a9.jpg', 'ipsa ut', 'Lorem ipsum 9', 'Objectif 9', '65', 'Mentale'),
(312, 'sanstabac-67b0c1530f1a9.jpg', 'aut est', 'Lorem ipsum 10', 'Objectif 10', '78', 'Physique'),
(313, 'sanstabac-67b0c1530f1a9.jpg', 'facere ea', 'Lorem ipsum 11', 'Objectif 11', '98', 'Émotionnelle'),
(314, 'sanstabac-67b0c1530f1a9.jpg', 'sed odio', 'Lorem ipsum 12', 'Objectif 12', '113', 'Physique'),
(315, 'sanstabac-67b0c1530f1a9.jpg', 'repellendus et', 'Lorem ipsum 13', 'Objectif 13', '80', 'Mentale'),
(316, 'sanstabac-67b0c1530f1a9.jpg', 'cumque recusandae', 'Lorem ipsum 14', 'Objectif 14', '40', 'Émotionnelle'),
(317, 'sanstabac-67b0c1530f1a9.jpg', 'et et', 'Lorem ipsum 15', 'Objectif 15', '73', 'Mentale'),
(318, 'sanstabac-67b0c1530f1a9.jpg', 'dolor facere', 'Lorem ipsum 16', 'Objectif 16', '30', 'Physique'),
(319, 'sanstabac-67b0c1530f1a9.jpg', 'deserunt aut', 'Lorem ipsum 17', 'Objectif 17', '60', 'Physique'),
(320, 'sanstabac-67b0c1530f1a9.jpg', 'et id', 'Lorem ipsum 18', 'Objectif 18', '96', 'Mentale'),
(321, 'sanstabac-67b0c1530f1a9.jpg', 'officiis sint', 'Lorem ipsum 19', 'Objectif 19', '73', 'Mentale'),
(322, 'sanstabac-67b0c1530f1a9.jpg', 'alias rerum', 'Lorem ipsum 20', 'Objectif 20', '62', 'Physique'),
(323, 'sanstabac-67b0c1530f1a9.jpg', 'nemo architecto', 'Lorem ipsum 21', 'Objectif 21', '81', 'Émotionnelle'),
(324, 'sanstabac-67b0c1530f1a9.jpg', 'perferendis consequatur', 'Lorem ipsum 22', 'Objectif 22', '70', 'Mentale'),
(325, 'sanstabac-67b0c1530f1a9.jpg', 'aliquam incidunt', 'Lorem ipsum 23', 'Objectif 23', '81', 'Physique'),
(326, 'sanstabac-67b0c1530f1a9.jpg', 'et sed', 'Lorem ipsum 24', 'Objectif 24', '95', 'Émotionnelle'),
(327, 'sanstabac-67b0c1530f1a9.jpg', 'fugiat qui', 'Lorem ipsum 25', 'Objectif 25', '71', 'Mentale'),
(328, 'sanstabac-67b0c1530f1a9.jpg', 'quisquam omnis', 'Lorem ipsum 26', 'Objectif 26', '41', 'Mentale'),
(329, 'sanstabac-67b0c1530f1a9.jpg', 'distinctio eius', 'Lorem ipsum 27', 'Objectif 27', '92', 'Émotionnelle'),
(330, 'sanstabac-67b0c1530f1a9.jpg', 'rem rerum', 'Lorem ipsum 28', 'Objectif 28', '99', 'Mentale'),
(331, 'sanstabac-67b0c1530f1a9.jpg', 'sapiente tempora', 'Lorem ipsum 29', 'Objectif 29', '94', 'Physique'),
(332, 'sanstabac-67b0c1530f1a9.jpg', 'quos dolores', 'Lorem ipsum 30', 'Objectif 30', '117', 'Mentale'),
(333, 'sanstabac-67b0c1530f1a9.jpg', 'maxime alias', 'Lorem ipsum 31', 'Objectif 31', '30', 'Physique'),
(334, 'sanstabac-67b0c1530f1a9.jpg', 'vitae ut', 'Lorem ipsum 32', 'Objectif 32', '116', 'Émotionnelle'),
(335, 'sanstabac-67b0c1530f1a9.jpg', 'voluptate quaerat', 'Lorem ipsum 33', 'Objectif 33', '108', 'Physique'),
(336, 'sanstabac-67b0c1530f1a9.jpg', 'dolores id', 'Lorem ipsum 34', 'Objectif 34', '81', 'Physique'),
(337, 'sanstabac-67b0c1530f1a9.jpg', 'culpa assumenda', 'Lorem ipsum 35', 'Objectif 35', '94', 'Physique'),
(338, 'sanstabac-67b0c1530f1a9.jpg', 'beatae earum', 'Lorem ipsum 36', 'Objectif 36', '72', 'Mentale'),
(339, 'sanstabac-67b0c1530f1a9.jpg', 'nostrum nisi', 'Lorem ipsum 37', 'Objectif 37', '120', 'Émotionnelle'),
(340, 'sanstabac-67b0c1530f1a9.jpg', 'necessitatibus sequi', 'Lorem ipsum 38', 'Objectif 38', '93', 'Émotionnelle'),
(341, 'sanstabac-67b0c1530f1a9.jpg', 'accusantium impedit', 'Lorem ipsum 39', 'Objectif 39', '106', 'Émotionnelle'),
(342, 'sanstabac-67b0c1530f1a9.jpg', 'eligendi ab', 'Lorem ipsum 40', 'Objectif 40', '118', 'Mentale'),
(343, 'sanstabac-67b0c1530f1a9.jpg', 'deleniti quia', 'Lorem ipsum 41', 'Objectif 41', '108', 'Émotionnelle'),
(344, 'sanstabac-67b0c1530f1a9.jpg', 'nam quia', 'Lorem ipsum 42', 'Objectif 42', '112', 'Physique'),
(345, 'sanstabac-67b0c1530f1a9.jpg', 'exercitationem similique', 'Lorem ipsum 43', 'Objectif 43', '81', 'Émotionnelle'),
(346, 'sanstabac-67b0c1530f1a9.jpg', 'repellendus ducimus', 'Lorem ipsum 44', 'Objectif 44', '76', 'Émotionnelle'),
(347, 'sanstabac-67b0c1530f1a9.jpg', 'delectus asperiores', 'Lorem ipsum 45', 'Objectif 45', '103', 'Émotionnelle'),
(348, 'sanstabac-67b0c1530f1a9.jpg', 'eligendi sed', 'Lorem ipsum 46', 'Objectif 46', '54', 'Mentale'),
(349, 'sanstabac-67b0c1530f1a9.jpg', 'necessitatibus voluptas', 'Lorem ipsum 47', 'Objectif 47', '44', 'Mentale'),
(350, 'sanstabac-67b0c1530f1a9.jpg', 'magnam neque', 'Lorem ipsum 48', 'Objectif 48', '87', 'Mentale'),
(351, 'sanstabac-67b0c1530f1a9.jpg', 'et dolores', 'Lorem ipsum 49', 'Objectif 49', '73', 'Physique'),
(352, 'sanstabac-67b0c1530f1a9.jpg', 'aut aut', 'Lorem ipsum 50', 'Objectif 50', '85', 'Physique'),
(353, 'sanstabac-67b0c1530f1a9.jpg', 'quisquam ab', 'Lorem ipsum 51', 'Objectif 51', '49', 'Physique'),
(354, 'sanstabac-67b0c1530f1a9.jpg', 'consectetur voluptas', 'Lorem ipsum 52', 'Objectif 52', '33', 'Mentale'),
(355, 'sanstabac-67b0c1530f1a9.jpg', 'eum eligendi', 'Lorem ipsum 53', 'Objectif 53', '111', 'Mentale'),
(356, 'sanstabac-67b0c1530f1a9.jpg', 'eum sapiente', 'Lorem ipsum 54', 'Objectif 54', '63', 'Physique'),
(357, 'sanstabac-67b0c1530f1a9.jpg', 'neque dolorem', 'Lorem ipsum 55', 'Objectif 55', '101', 'Émotionnelle'),
(358, 'sanstabac-67b0c1530f1a9.jpg', 'perferendis quis', 'Lorem ipsum 56', 'Objectif 56', '113', 'Mentale'),
(359, 'sanstabac-67b0c1530f1a9.jpg', 'et consectetur', 'Lorem ipsum 57', 'Objectif 57', '41', 'Physique'),
(360, 'sanstabac-67b0c1530f1a9.jpg', 'minus repellendus', 'Lorem ipsum 58', 'Objectif 58', '46', 'Émotionnelle'),
(361, 'sanstabac-67b0c1530f1a9.jpg', 'ea quaerat', 'Lorem ipsum 59', 'Objectif 59', '35', 'Physique'),
(362, 'sanstabac-67b0c1530f1a9.jpg', 'quia officia', 'Lorem ipsum 60', 'Objectif 60', '73', 'Mentale'),
(363, 'sanstabac-67b0c1530f1a9.jpg', 'distinctio ad', 'Lorem ipsum 61', 'Objectif 61', '68', 'Mentale'),
(364, 'sanstabac-67b0c1530f1a9.jpg', 'sit nihil', 'Lorem ipsum 62', 'Objectif 62', '99', 'Mentale'),
(365, 'sanstabac-67b0c1530f1a9.jpg', 'dolorem nesciunt', 'Lorem ipsum 63', 'Objectif 63', '34', 'Émotionnelle'),
(366, 'sanstabac-67b0c1530f1a9.jpg', 'qui qui', 'Lorem ipsum 64', 'Objectif 64', '36', 'Physique'),
(367, 'sanstabac-67b0c1530f1a9.jpg', 'commodi sint', 'Lorem ipsum 65', 'Objectif 65', '42', 'Émotionnelle'),
(368, 'sanstabac-67b0c1530f1a9.jpg', 'id fugit', 'Lorem ipsum 66', 'Objectif 66', '48', 'Émotionnelle'),
(369, 'sanstabac-67b0c1530f1a9.jpg', 'architecto enim', 'Lorem ipsum 67', 'Objectif 67', '90', 'Physique'),
(370, 'sanstabac-67b0c1530f1a9.jpg', 'similique quia', 'Lorem ipsum 68', 'Objectif 68', '69', 'Émotionnelle'),
(371, 'sanstabac-67b0c1530f1a9.jpg', 'unde consequatur', 'Lorem ipsum 69', 'Objectif 69', '112', 'Mentale'),
(372, 'sanstabac-67b0c1530f1a9.jpg', 'earum culpa', 'Lorem ipsum 70', 'Objectif 70', '83', 'Mentale'),
(373, 'sanstabac-67b0c1530f1a9.jpg', 'et natus', 'Lorem ipsum 71', 'Objectif 71', '67', 'Physique'),
(374, 'sanstabac-67b0c1530f1a9.jpg', 'doloremque laboriosam', 'Lorem ipsum 72', 'Objectif 72', '113', 'Mentale'),
(375, 'sanstabac-67b0c1530f1a9.jpg', 'iusto adipisci', 'Lorem ipsum 73', 'Objectif 73', '88', 'Physique'),
(376, 'sanstabac-67b0c1530f1a9.jpg', 'eum in', 'Lorem ipsum 74', 'Objectif 74', '71', 'Émotionnelle'),
(377, 'sanstabac-67b0c1530f1a9.jpg', 'magnam expedita', 'Lorem ipsum 75', 'Objectif 75', '31', 'Émotionnelle'),
(378, 'sanstabac-67b0c1530f1a9.jpg', 'quibusdam recusandae', 'Lorem ipsum 76', 'Objectif 76', '46', 'Émotionnelle'),
(379, 'sanstabac-67b0c1530f1a9.jpg', 'et quasi', 'Lorem ipsum 77', 'Objectif 77', '72', 'Mentale'),
(380, 'sanstabac-67b0c1530f1a9.jpg', 'quam quia', 'Lorem ipsum 78', 'Objectif 78', '68', 'Émotionnelle'),
(381, 'sanstabac-67b0c1530f1a9.jpg', 'et qui', 'Lorem ipsum 79', 'Objectif 79', '114', 'Mentale'),
(382, 'sanstabac-67b0c1530f1a9.jpg', 'quod at', 'Lorem ipsum 80', 'Objectif 80', '82', 'Mentale'),
(383, 'sanstabac-67b0c1530f1a9.jpg', 'et nisi', 'Lorem ipsum 81', 'Objectif 81', '69', 'Mentale'),
(384, 'sanstabac-67b0c1530f1a9.jpg', 'debitis minus', 'Lorem ipsum 82', 'Objectif 82', '62', 'Physique'),
(385, 'sanstabac-67b0c1530f1a9.jpg', 'omnis quia', 'Lorem ipsum 83', 'Objectif 83', '109', 'Émotionnelle'),
(386, 'sanstabac-67b0c1530f1a9.jpg', 'hic ipsa', 'Lorem ipsum 84', 'Objectif 84', '74', 'Physique'),
(387, 'sanstabac-67b0c1530f1a9.jpg', 'architecto et', 'Lorem ipsum 85', 'Objectif 85', '118', 'Mentale'),
(388, 'sanstabac-67b0c1530f1a9.jpg', 'velit odit', 'Lorem ipsum 86', 'Objectif 86', '56', 'Émotionnelle'),
(389, 'sanstabac-67b0c1530f1a9.jpg', 'vel alias', 'Lorem ipsum 87', 'Objectif 87', '75', 'Mentale'),
(390, 'sanstabac-67b0c1530f1a9.jpg', 'autem ut', 'Lorem ipsum 88', 'Objectif 88', '107', 'Émotionnelle'),
(391, 'sanstabac-67b0c1530f1a9.jpg', 'pariatur unde', 'Lorem ipsum 89', 'Objectif 89', '70', 'Mentale'),
(392, 'sanstabac-67b0c1530f1a9.jpg', 'sunt nihil', 'Lorem ipsum 90', 'Objectif 90', '119', 'Physique'),
(393, 'sanstabac-67b0c1530f1a9.jpg', 'at ea', 'Lorem ipsum 91', 'Objectif 91', '55', 'Mentale'),
(394, 'sanstabac-67b0c1530f1a9.jpg', 'sunt sit', 'Lorem ipsum 92', 'Objectif 92', '113', 'Physique'),
(395, 'sanstabac-67b0c1530f1a9.jpg', 'corrupti rem', 'Lorem ipsum 93', 'Objectif 93', '115', 'Émotionnelle'),
(396, 'sanstabac-67b0c1530f1a9.jpg', 'vero sed', 'Lorem ipsum 94', 'Objectif 94', '78', 'Émotionnelle'),
(397, 'sanstabac-67b0c1530f1a9.jpg', 'accusantium minima', 'Lorem ipsum 95', 'Objectif 95', '92', 'Physique'),
(398, 'sanstabac-67b0c1530f1a9.jpg', 'debitis est', 'Lorem ipsum 96', 'Objectif 96', '105', 'Mentale'),
(399, 'sanstabac-67b0c1530f1a9.jpg', 'delectus corporis', 'Lorem ipsum 97', 'Objectif 97', '61', 'Mentale'),
(400, 'sanstabac-67b0c1530f1a9.jpg', 'esse error', 'Lorem ipsum 98', 'Objectif 98', '50', 'Mentale'),
(401, 'sanstabac-67b0c1530f1a9.jpg', 'rerum debitis', 'Lorem ipsum 99', 'Objectif 99', '47', 'Émotionnelle'),
(402, 'sanstabac-67b0c1530f1a9.jpg', 'sint aperiam', 'Lorem ipsum 100', 'Objectif 100', '102', 'Physique'),
(403, 'sanstabac-67b0c1530f1a9.jpg', 'blanditiis sit', 'Lorem ipsum 101', 'Objectif 101', '120', 'Physique'),
(404, 'sanstabac-67b0c1530f1a9.jpg', 'perferendis aut', 'Lorem ipsum 102', 'Objectif 102', '96', 'Émotionnelle'),
(405, 'sanstabac-67b0c1530f1a9.jpg', 'et consequatur', 'Lorem ipsum 103', 'Objectif 103', '104', 'Mentale'),
(406, 'sanstabac-67b0c1530f1a9.jpg', 'rerum ratione', 'Lorem ipsum 104', 'Objectif 104', '53', 'Émotionnelle'),
(407, 'sanstabac-67b0c1530f1a9.jpg', 'at facere', 'Lorem ipsum 105', 'Objectif 105', '60', 'Physique'),
(408, 'sanstabac-67b0c1530f1a9.jpg', 'error quibusdam', 'Lorem ipsum 106', 'Objectif 106', '33', 'Physique'),
(409, 'sanstabac-67b0c1530f1a9.jpg', 'officia voluptatem', 'Lorem ipsum 107', 'Objectif 107', '32', 'Émotionnelle'),
(410, 'sanstabac-67b0c1530f1a9.jpg', 'et eos', 'Lorem ipsum 108', 'Objectif 108', '40', 'Physique'),
(411, 'sanstabac-67b0c1530f1a9.jpg', 'illo sit', 'Lorem ipsum 109', 'Objectif 109', '78', 'Physique'),
(412, 'sanstabac-67b0c1530f1a9.jpg', 'inventore sit', 'Lorem ipsum 110', 'Objectif 110', '65', 'Physique'),
(413, 'sanstabac-67b0c1530f1a9.jpg', 'magni quidem', 'Lorem ipsum 111', 'Objectif 111', '47', 'Physique'),
(414, 'sanstabac-67b0c1530f1a9.jpg', 'sint tempora', 'Lorem ipsum 112', 'Objectif 112', '31', 'Émotionnelle'),
(415, 'sanstabac-67b0c1530f1a9.jpg', 'quo id', 'Lorem ipsum 113', 'Objectif 113', '40', 'Mentale'),
(416, 'sanstabac-67b0c1530f1a9.jpg', 'aut et', 'Lorem ipsum 114', 'Objectif 114', '36', 'Mentale'),
(417, 'sanstabac-67b0c1530f1a9.jpg', 'aperiam ab', 'Lorem ipsum 115', 'Objectif 115', '57', 'Émotionnelle'),
(418, 'sanstabac-67b0c1530f1a9.jpg', 'suscipit voluptates', 'Lorem ipsum 116', 'Objectif 116', '52', 'Physique'),
(419, 'sanstabac-67b0c1530f1a9.jpg', 'possimus atque', 'Lorem ipsum 117', 'Objectif 117', '110', 'Mentale'),
(420, 'sanstabac-67b0c1530f1a9.jpg', 'quae voluptates', 'Lorem ipsum 118', 'Objectif 118', '63', 'Émotionnelle'),
(421, 'sanstabac-67b0c1530f1a9.jpg', 'maiores molestiae', 'Lorem ipsum 119', 'Objectif 119', '77', 'Mentale'),
(422, 'sanstabac-67b0c1530f1a9.jpg', 'deserunt praesentium', 'Lorem ipsum 120', 'Objectif 120', '58', 'Mentale'),
(423, 'sanstabac-67b0c1530f1a9.jpg', 'architecto cumque', 'Lorem ipsum 121', 'Objectif 121', '36', 'Mentale'),
(424, 'sanstabac-67b0c1530f1a9.jpg', 'laudantium in', 'Lorem ipsum 122', 'Objectif 122', '99', 'Mentale'),
(425, 'sanstabac-67b0c1530f1a9.jpg', 'repudiandae culpa', 'Lorem ipsum 123', 'Objectif 123', '36', 'Mentale'),
(426, 'sanstabac-67b0c1530f1a9.jpg', 'eligendi molestiae', 'Lorem ipsum 124', 'Objectif 124', '94', 'Mentale'),
(427, 'sanstabac-67b0c1530f1a9.jpg', 'aut suscipit', 'Lorem ipsum 125', 'Objectif 125', '73', 'Émotionnelle'),
(428, 'sanstabac-67b0c1530f1a9.jpg', 'vel aut', 'Lorem ipsum 126', 'Objectif 126', '80', 'Physique'),
(429, 'sanstabac-67b0c1530f1a9.jpg', 'facere exercitationem', 'Lorem ipsum 127', 'Objectif 127', '83', 'Physique'),
(430, 'sanstabac-67b0c1530f1a9.jpg', 'consequatur vitae', 'Lorem ipsum 128', 'Objectif 128', '55', 'Physique'),
(431, 'sanstabac-67b0c1530f1a9.jpg', 'quia quam', 'Lorem ipsum 129', 'Objectif 129', '106', 'Émotionnelle'),
(432, 'sanstabac-67b0c1530f1a9.jpg', 'dignissimos odit', 'Lorem ipsum 130', 'Objectif 130', '92', 'Physique'),
(433, 'sanstabac-67b0c1530f1a9.jpg', 'ab et', 'Lorem ipsum 131', 'Objectif 131', '55', 'Mentale'),
(434, 'sanstabac-67b0c1530f1a9.jpg', 'vel rerum', 'Lorem ipsum 132', 'Objectif 132', '91', 'Mentale'),
(435, 'sanstabac-67b0c1530f1a9.jpg', 'aliquid et', 'Lorem ipsum 133', 'Objectif 133', '41', 'Émotionnelle'),
(436, 'sanstabac-67b0c1530f1a9.jpg', 'sed quisquam', 'Lorem ipsum 134', 'Objectif 134', '39', 'Mentale'),
(437, 'sanstabac-67b0c1530f1a9.jpg', 'et alias', 'Lorem ipsum 135', 'Objectif 135', '106', 'Émotionnelle'),
(438, 'sanstabac-67b0c1530f1a9.jpg', 'aut facere', 'Lorem ipsum 136', 'Objectif 136', '86', 'Émotionnelle'),
(439, 'sanstabac-67b0c1530f1a9.jpg', 'consequatur reiciendis', 'Lorem ipsum 137', 'Objectif 137', '101', 'Physique'),
(440, 'sanstabac-67b0c1530f1a9.jpg', 'laudantium expedita', 'Lorem ipsum 138', 'Objectif 138', '35', 'Émotionnelle'),
(441, 'sanstabac-67b0c1530f1a9.jpg', 'itaque eius', 'Lorem ipsum 139', 'Objectif 139', '64', 'Mentale'),
(442, 'sanstabac-67b0c1530f1a9.jpg', 'eos pariatur', 'Lorem ipsum 140', 'Objectif 140', '36', 'Physique'),
(443, 'sanstabac-67b0c1530f1a9.jpg', 'voluptatem quaerat', 'Lorem ipsum 141', 'Objectif 141', '108', 'Physique'),
(444, 'sanstabac-67b0c1530f1a9.jpg', 'aut adipisci', 'Lorem ipsum 142', 'Objectif 142', '74', 'Physique'),
(445, 'sanstabac-67b0c1530f1a9.jpg', 'culpa consectetur', 'Lorem ipsum 143', 'Objectif 143', '53', 'Physique'),
(446, 'sanstabac-67b0c1530f1a9.jpg', 'aut quibusdam', 'Lorem ipsum 144', 'Objectif 144', '100', 'Physique'),
(447, 'sanstabac-67b0c1530f1a9.jpg', 'sit illum', 'Lorem ipsum 145', 'Objectif 145', '100', 'Émotionnelle'),
(448, 'sanstabac-67b0c1530f1a9.jpg', 'totam sit', 'Lorem ipsum 146', 'Objectif 146', '63', 'Mentale'),
(449, 'sanstabac-67b0c1530f1a9.jpg', 'ad dolorem', 'Lorem ipsum 147', 'Objectif 147', '80', 'Physique'),
(450, 'sanstabac-67b0c1530f1a9.jpg', 'assumenda quia', 'Lorem ipsum 148', 'Objectif 148', '108', 'Mentale'),
(451, 'sanstabac-67b0c1530f1a9.jpg', 'ullam voluptatem', 'Lorem ipsum 149', 'Objectif 149', '85', 'Mentale');

-- --------------------------------------------------------

--
-- Structure de la table `users`
--

CREATE TABLE `users` (
  `id` int(11) NOT NULL,
  `full_name` varchar(255) NOT NULL,
  `email` varchar(255) NOT NULL,
  `phone` varchar(20) NOT NULL,
  `roles` longtext CHARACTER SET utf8mb4 COLLATE utf8mb4_bin NOT NULL COMMENT '(DC2Type:json)' CHECK (json_valid(`roles`)),
  `password` varchar(255) NOT NULL,
  `created_at` datetime NOT NULL
) ENGINE=InnoDB DEFAULT CHARSET=utf8mb4 COLLATE=utf8mb4_unicode_ci;

--
-- Déchargement des données de la table `users`
--

INSERT INTO `users` (`id`, `full_name`, `email`, `phone`, `roles`, `password`, `created_at`) VALUES
(1, 'yassine', 'yassine@gmail.com', '132432432', '[\"ROLE_USER\"]', '$2y$13$Wj3DGyUp5gMIg39kd4fiK.LxmmO7tM9S6PZ7sQSOOJ9CGA.WPlcLq', '2025-02-16 17:16:57'),
(2, 'Admin User', 'admin@example.com', '1234567890', '[\"ROLE_ADMIN\",\"ROLE_USER\"]', '$2y$13$6uNnVm56i7Jr4izBpE8F6etW7gPQ1.qHOucX0Es9iW5wEQUC1Il42', '2025-02-16 22:31:45'),
(3, 'mehdi', 'mehdi@gmail.Com', '3289432', '[\"ROLE_USER\"]', '$2y$13$WuQOXQ2935yWVhwi/1FPeeJON3laps6VDxcpV.QQP5oHApBxbW1m2', '2025-02-16 23:05:44'),
(4, 'ahmed', 'ahmed@gmail.com', '2324832', '[\"ROLE_USER\"]', '$2y$13$ncbKjxavTzca28aXw.MztuM5LAJgU.H0szJHbRVzFKJu79gwPISW6', '2025-03-01 13:20:41');

--
-- Index pour les tables déchargées
--

--
-- Index pour la table `categorie`
--
ALTER TABLE `categorie`
  ADD PRIMARY KEY (`id`);

--
-- Index pour la table `categorieevenement`
--
ALTER TABLE `categorieevenement`
  ADD PRIMARY KEY (`id`);

--
-- Index pour la table `centre_de_don`
--
ALTER TABLE `centre_de_don`
  ADD PRIMARY KEY (`id`);

--
-- Index pour la table `demande_don_sang`
--
ALTER TABLE `demande_don_sang`
  ADD PRIMARY KEY (`id`),
  ADD KEY `IDX_9AAE2E61A76ED395` (`user_id`),
  ADD KEY `IDX_9AAE2E61978A6BCC` (`centre_de_don_id`);

--
-- Index pour la table `doctrine_migration_versions`
--
ALTER TABLE `doctrine_migration_versions`
  ADD PRIMARY KEY (`version`);

--
-- Index pour la table `evenements`
--
ALTER TABLE `evenements`
  ADD PRIMARY KEY (`id`),
  ADD KEY `IDX_E10AD400BCF5E72D` (`categorie_id`);

--
-- Index pour la table `exercice_mental`
--
ALTER TABLE `exercice_mental`
  ADD PRIMARY KEY (`id`),
  ADD KEY `IDX_3D16A52938F4C2A0` (`therapie_id`);

--
-- Index pour la table `messenger_messages`
--
ALTER TABLE `messenger_messages`
  ADD PRIMARY KEY (`id`),
  ADD KEY `IDX_75EA56E0FB7336F0` (`queue_name`),
  ADD KEY `IDX_75EA56E0E3BD61CE` (`available_at`),
  ADD KEY `IDX_75EA56E016BA31DB` (`delivered_at`);

--
-- Index pour la table `notification`
--
ALTER TABLE `notification`
  ADD PRIMARY KEY (`id`),
  ADD KEY `IDX_BF5476CAA76ED395` (`user_id`);

--
-- Index pour la table `participation`
--
ALTER TABLE `participation`
  ADD PRIMARY KEY (`id`),
  ADD KEY `IDX_AB55E24FA76ED395` (`user_id`),
  ADD KEY `IDX_AB55E24FFD02F13` (`evenement_id`);

--
-- Index pour la table `produit`
--
ALTER TABLE `produit`
  ADD PRIMARY KEY (`id`),
  ADD KEY `IDX_29A5EC27BCF5E72D` (`categorie_id`);

--
-- Index pour la table `rendez_vous`
--
ALTER TABLE `rendez_vous`
  ADD PRIMARY KEY (`id`);

--
-- Index pour la table `therapie`
--
ALTER TABLE `therapie`
  ADD PRIMARY KEY (`id`);

--
-- Index pour la table `users`
--
ALTER TABLE `users`
  ADD PRIMARY KEY (`id`),
  ADD UNIQUE KEY `UNIQ_8D93D649E7927C74` (`email`);

--
-- AUTO_INCREMENT pour les tables déchargées
--

--
-- AUTO_INCREMENT pour la table `categorie`
--
ALTER TABLE `categorie`
  MODIFY `id` int(11) NOT NULL AUTO_INCREMENT;

--
-- AUTO_INCREMENT pour la table `categorieevenement`
--
ALTER TABLE `categorieevenement`
  MODIFY `id` int(11) NOT NULL AUTO_INCREMENT, AUTO_INCREMENT=2;

--
-- AUTO_INCREMENT pour la table `centre_de_don`
--
ALTER TABLE `centre_de_don`
  MODIFY `id` int(11) NOT NULL AUTO_INCREMENT, AUTO_INCREMENT=7;

--
-- AUTO_INCREMENT pour la table `demande_don_sang`
--
ALTER TABLE `demande_don_sang`
  MODIFY `id` int(11) NOT NULL AUTO_INCREMENT, AUTO_INCREMENT=76;

--
-- AUTO_INCREMENT pour la table `evenements`
--
ALTER TABLE `evenements`
  MODIFY `id` int(11) NOT NULL AUTO_INCREMENT, AUTO_INCREMENT=2;

--
-- AUTO_INCREMENT pour la table `exercice_mental`
--
ALTER TABLE `exercice_mental`
  MODIFY `id` int(11) NOT NULL AUTO_INCREMENT;

--
-- AUTO_INCREMENT pour la table `messenger_messages`
--
ALTER TABLE `messenger_messages`
  MODIFY `id` bigint(20) NOT NULL AUTO_INCREMENT, AUTO_INCREMENT=31;

--
-- AUTO_INCREMENT pour la table `notification`
--
ALTER TABLE `notification`
  MODIFY `id` int(11) NOT NULL AUTO_INCREMENT, AUTO_INCREMENT=5;

--
-- AUTO_INCREMENT pour la table `participation`
--
ALTER TABLE `participation`
  MODIFY `id` int(11) NOT NULL AUTO_INCREMENT, AUTO_INCREMENT=2;

--
-- AUTO_INCREMENT pour la table `produit`
--
ALTER TABLE `produit`
  MODIFY `id` int(11) NOT NULL AUTO_INCREMENT;

--
-- AUTO_INCREMENT pour la table `rendez_vous`
--
ALTER TABLE `rendez_vous`
  MODIFY `id` int(11) NOT NULL AUTO_INCREMENT;

--
-- AUTO_INCREMENT pour la table `therapie`
--
ALTER TABLE `therapie`
  MODIFY `id` int(11) NOT NULL AUTO_INCREMENT, AUTO_INCREMENT=452;

--
-- AUTO_INCREMENT pour la table `users`
--
ALTER TABLE `users`
  MODIFY `id` int(11) NOT NULL AUTO_INCREMENT, AUTO_INCREMENT=5;

--
-- Contraintes pour les tables déchargées
--

--
-- Contraintes pour la table `demande_don_sang`
--
ALTER TABLE `demande_don_sang`
  ADD CONSTRAINT `FK_9AAE2E61978A6BCC` FOREIGN KEY (`centre_de_don_id`) REFERENCES `centre_de_don` (`id`),
  ADD CONSTRAINT `FK_9AAE2E61A76ED395` FOREIGN KEY (`user_id`) REFERENCES `users` (`id`);

--
-- Contraintes pour la table `evenements`
--
ALTER TABLE `evenements`
  ADD CONSTRAINT `FK_E10AD400BCF5E72D` FOREIGN KEY (`categorie_id`) REFERENCES `categorieevenement` (`id`);

--
-- Contraintes pour la table `exercice_mental`
--
ALTER TABLE `exercice_mental`
  ADD CONSTRAINT `FK_3D16A52938F4C2A0` FOREIGN KEY (`therapie_id`) REFERENCES `therapie` (`id`);

--
-- Contraintes pour la table `notification`
--
ALTER TABLE `notification`
  ADD CONSTRAINT `FK_BF5476CAA76ED395` FOREIGN KEY (`user_id`) REFERENCES `users` (`id`);

--
-- Contraintes pour la table `participation`
--
ALTER TABLE `participation`
  ADD CONSTRAINT `FK_AB55E24FA76ED395` FOREIGN KEY (`user_id`) REFERENCES `users` (`id`),
  ADD CONSTRAINT `FK_AB55E24FFD02F13` FOREIGN KEY (`evenement_id`) REFERENCES `evenements` (`id`);

--
-- Contraintes pour la table `produit`
--
ALTER TABLE `produit`
  ADD CONSTRAINT `FK_29A5EC27BCF5E72D` FOREIGN KEY (`categorie_id`) REFERENCES `categorie` (`id`);
COMMIT;

/*!40101 SET CHARACTER_SET_CLIENT=@OLD_CHARACTER_SET_CLIENT */;
/*!40101 SET CHARACTER_SET_RESULTS=@OLD_CHARACTER_SET_RESULTS */;
/*!40101 SET COLLATION_CONNECTION=@OLD_COLLATION_CONNECTION */;
